Time (s),Torque (Nm),Position (°),Velocity (°/s)
0.108061698,0,59.9926,-4.89473
0.110049864,0,59.9757,-9.73307
0.112049430,0,59.9489,-14.5982
0.114047215,0,59.9125,-19.4576
0.116050032,0,59.8662,-24.3273
0.118036557,0,59.8107,-29.155
0.120050326,0,59.7446,-34.046
0.122054188,0,59.669,-38.9096
0.124030140,0,59.585,-43.7016
0.126050833,0,59.4893,-48.5978
0.128051179,0,59.3848,-53.4398
0.130027778,0,59.2721,-58.2191
0.132050422,0,59.147,-63.1038
0.134035378,0,59.0146,-67.8912
0.136051560,0,58.8703,-72.747
0.138049646,0,58.7178,-77.5518
0.140047577,0,58.5557,-82.3484
0.142052306,0,58.3833,-87.1528
0.144057419,0,58.2014,-91.9492
0.146053260,0,58.0107,-96.7139
0.148048321,0,57.8107,-101.467
0.150049792,0,57.6004,-106.224
0.152025447,0,57.3836,-110.91
0.154047993,0,57.1521,-115.694
0.156049365,0,56.9134,-120.416
0.158049748,0,56.6655,-125.123
0.160050166,0,56.4081,-129.817
0.162049770,0,56.1415,-134.494
0.164048290,0,55.8658,-139.155
0.166048014,0,55.5805,-143.802
0.168068259,0,55.2829,-148.482
0.170052518,0,54.9815,-153.061
0.172049857,0,54.6689,-157.654
0.174049626,0,54.3467,-162.235
0.176029871,0,54.0187,-166.752
0.178057163,0,53.6737,-171.357
0.180051151,0,53.3253,-175.867
0.182048763,0,52.9672,-180.365
0.184049792,0,52.5996,-184.848
0.186059699,0,52.2213,-189.33
0.188052161,0,51.8374,-193.75
0.190051549,0,51.4434,-198.162
0.192046235,0,51.0416,-202.54
0.194040280,0,50.6312,-206.891
0.196040018,0,50.211,-211.229
0.198041057,0,49.7818,-215.544
0.200033050,0,49.3461,-219.812
0.202041124,0,48.8982,-224.086
0.204040369,0,48.4439,-228.312
0.206020908,0,47.9855,-232.47
0.208043651,0,47.5089,-236.686
0.210043509,0,47.0294,-240.822
0.212043835,0,46.5415,-244.927
0.214023229,0,46.0507,-248.957
0.216033341,0,45.5441,-253.016
0.218043568,0,45.0294,-257.039
0.220043431,0,44.5094,-261.007
0.222042887,0,43.9817,-264.937
0.224041089,0,43.4464,-268.827
0.226043084,0,42.9024,-272.686
0.228044829,0,42.3509,-276.506
0.230044165,0,41.7924,-280.281
0.232043221,0,41.2265,-284.015
0.234046614,0,40.6519,-287.715
0.236053049,0,40.0691,-291.377
0.238046980,0,39.4827,-294.973
0.240054724,0,38.8851,-298.55
0.242052957,0,38.2833,-302.064
0.244071005,0,37.6684,-305.566
0.246050967,0,37.0583,-308.954
0.248044835,0,36.4373,-312.319
0.250043208,0,35.8082,-315.642
0.252024829,0,35.1779,-318.888
0.254038730,0,34.5307,-322.136
0.256054142,0,33.8767,-325.333
0.258052429,0,33.2219,-328.45
0.260052839,0,32.5602,-331.517
0.262049180,0,31.8939,-334.522
0.264055971,0,31.2181,-337.488
0.266054309,0,30.5394,-340.385
0.268053215,0,29.8547,-343.225
0.270053011,0,29.1641,-346.008
0.272032802,0,28.4751,-348.704
0.274050171,0,27.7676,-351.392
0.276038066,0,27.0652,-353.98
0.278049935,0,26.3491,-356.537
0.280051444,0,25.6318,-359.017
0.282051666,0,24.91,-361.433
0.284051763,0,24.1836,-363.785
0.286052456,0,23.4523,-366.072
0.288054071,0,22.7163,-368.294
0.290045511,0,21.9796,-370.438
0.292046317,0,21.2353,-372.526
0.294035399,0,20.4913,-374.534
0.296049151,0,19.7341,-376.498
0.298047519,0,18.9789,-378.376
0.300040966,0,18.2219,-380.181
0.302046657,0,17.4568,-381.926
0.304020082,0,16.7006,-383.572
0.306052761,0,15.9185,-385.195
0.308047656,0,15.1478,-386.714
0.310047549,0,14.3722,-388.165
0.312046943,0,13.594,-389.541
0.314046678,0,12.8131,-390.843
0.316050085,0,12.0282,-392.073
0.318049645,0,11.2425,-393.225
0.320046914,0,10.4555,-394.301
0.322050746,0,9.66387,-395.304
0.324048144,0,8.87289,-396.227
0.326048569,0,8.07899,-397.075
0.328051076,0,7.28268,-397.846
0.330049412,0,6.4866,-398.539
0.332048636,0,5.6889,-399.154
0.334052243,0,4.88833,-399.693
0.336051562,0,4.08852,-400.152
0.338028283,0,3.29696,-400.529
0.340048716,0,2.48724,-400.835
0.342048371,0,1.68537,-401.06
0.344051000,0,0.881963,-401.206
0.346052559,0,0.0788163,-401.272
0.348053376,0,-0.724048,-401.26
0.350049866,0,-1.52503,-401.17
0.352052241,0,-2.32808,-401
0.354036237,0,-3.12331,-400.755
0.356050951,0,-3.93023,-400.426
0.358048865,0,-4.72965,-400.022
0.360050675,0,-5.5297,-399.538
0.362052674,0,-6.32874,-398.977
0.364051406,0,-7.12524,-398.338
0.366050834,0,-7.92063,-397.622
0.368049380,0,-8.71411,-396.829
0.370050405,0,-9.50688,-395.957
0.372048774,0,-10.2967,-395.011
0.374052254,0,-11.0866,-393.985
0.376058159,0,-11.8753,-392.882
0.378050151,0,-12.6561,-391.711
0.380030978,0,-13.4302,-390.473
0.382048783,0,-14.2161,-389.137
0.384029525,0,-14.9848,-387.752
0.386048710,0,-15.7655,-386.266
0.388052318,0,-16.5371,-384.718
0.390050718,0,-17.3035,-383.102
0.392051851,0,-18.0677,-381.411
0.394049636,0,-18.827,-379.652
0.396051062,0,-19.5841,-377.819
0.398039753,0,-20.3327,-375.929
0.400048623,0,-21.0849,-373.95
0.402048259,0,-21.8296,-371.911
0.404049282,0,-22.5706,-369.803
0.406048528,0,-23.3067,-367.63
0.408051380,0,-24.0397,-365.386
0.410033386,0,-24.7605,-363.101
0.412026543,0,-25.4807,-360.739
0.414048535,0,-26.2064,-358.278
0.416050200,0,-26.9198,-355.778
0.418043353,0,-27.6251,-353.227
0.420047985,0,-28.3292,-350.599
0.422048337,0,-29.0265,-347.916
0.424048799,0,-29.7184,-345.174
0.426048885,0,-30.4046,-342.372
0.428049384,0,-31.0852,-339.513
0.430050970,0,-31.7604,-336.594
0.432050098,0,-32.4289,-333.623
0.434051101,0,-33.0919,-330.594
0.436048191,0,-33.7475,-327.516
0.438048290,0,-34.3979,-324.38
0.440049090,0,-35.0421,-321.19
0.442049611,0,-35.6798,-317.949
0.444047208,0,-36.31,-314.662
0.446053084,0,-36.9362,-311.312
0.448047793,0,-37.5521,-307.931
0.450048935,0,-38.1632,-304.491
0.452051167,0,-38.7676,-301.003
0.454046765,0,-39.363,-297.48
0.456046735,0,-39.9526,-293.904
0.458052660,0,-40.5367,-290.273
0.460049742,0,-41.1109,-286.614
0.462048277,0,-41.6782,-282.911
0.464050382,0,-42.239,-279.159
0.466051116,0,-42.7918,-275.369
0.468052058,0,-43.3371,-271.539
0.470050120,0,-43.8738,-267.676
0.472048657,0,-44.4029,-263.774
0.474050716,0,-44.9251,-259.828
0.476051546,0,-45.439,-255.848
0.478054369,0,-45.9454,-251.829
0.480048813,0,-46.4416,-247.792
0.482047209,0,-46.9307,-243.714
0.484049635,0,-47.4125,-239.595
0.486051461,0,-47.8859,-235.445
0.488048014,0,-48.3498,-231.275
0.490047856,0,-48.806,-227.068
0.492048512,0,-49.2539,-222.83
0.494051018,0,-49.6937,-218.559
0.496048818,0,-50.1239,-214.271
0.498051844,0,-50.5466,-209.944
0.500047635,0,-50.9591,-205.607
0.502049455,0,-51.3642,-201.231
0.504050237,0,-51.7602,-196.832
0.506048701,0,-52.1469,-192.415
0.508055062,0,-52.5263,-187.957
0.510049757,0,-52.8945,-183.503
0.512048929,0,-53.2547,-179.017
0.514052228,0,-53.6065,-174.5
0.516043525,0,-53.9473,-169.99
0.518043122,0,-54.2803,-165.442
0.520043376,0,-54.6044,-160.874
0.522048326,0,-54.9201,-156.276
0.524052349,0,-55.2263,-151.663
0.526043921,0,-55.5215,-147.061
0.528047950,0,-55.8092,-142.414
0.530048099,0,-56.0871,-137.761
0.532047616,0,-56.3555,-133.094
0.534048345,0,-56.6148,-128.409
0.536047893,0,-56.8645,-123.714
0.538051314,0,-57.1053,-118.996
0.540051756,0,-57.3362,-114.272
0.542047885,0,-57.5573,-109.546
0.544051132,0,-57.7696,-104.792
0.546050515,0,-57.972,-100.037
0.548046946,0,-58.1646,-95.2774
0.550042993,0,-58.3476,-90.5093
0.552050030,0,-58.522,-85.7055
0.554050121,0,-58.6862,-80.9096
0.556050578,0,-58.8409,-76.1045
0.558047176,0,-58.9857,-71.301
0.560050595,0,-59.1212,-66.4739
0.562059248,0,-59.2475,-61.6274
0.564051529,0,-59.3631,-56.8142
0.566047677,0,-59.4692,-51.986
0.568047031,0,-59.5659,-47.1449
0.570049137,0,-59.653,-42.2924
0.572049375,0,-59.7303,-37.4403
0.574049956,0,-59.798,-32.5836
0.576048665,0,-59.8558,-27.7283
0.578049546,0,-59.904,-22.8649
0.580036210,0,-59.9422,-18.0339
0.582046551,0,-59.9711,-13.1435
0.584048959,0,-59.9901,-8.27109
0.586049409,0,-59.9993,-3.40265
0.588053327,0,-59.9988,1.47456
0.590050080,0,-59.9886,6.33419
0.592047229,0,-59.9687,11.1942
0.594047451,0,-59.939,16.0605
0.596021549,0,-59.9002,20.8617
0.598047865,0,-59.8504,25.7879
0.600027028,0,-59.7922,30.5969
0.602027209,0,-59.7237,35.454
0.604050352,0,-59.6446,40.3633
0.606050485,0,-59.5566,45.2127
0.608052182,0,-59.4588,50.0614
0.610051675,0,-59.3514,54.8998
0.612051108,0,-59.2344,59.7326
0.614047711,0,-59.1079,64.5525
0.616048259,0,-58.9715,69.3755
0.618050807,0,-58.8254,74.1962
0.620047610,0,-58.67,78.9957
0.622049566,0,-58.5047,83.7994
0.624048205,0,-58.33,88.5866
0.626049928,0,-58.1455,93.3721
0.628051068,0,-57.9515,98.1465
0.630051136,0,-57.748,102.908
0.632048285,0,-57.5354,107.652
0.634051968,0,-57.3126,112.4
0.636049846,0,-57.0809,117.123
0.638047625,0,-56.8399,121.833
0.640046361,0,-56.5893,126.532
0.642028739,0,-56.3316,131.179
0.644047661,0,-56.0596,135.897
0.646042310,0,-55.7816,140.544
0.648044555,0,-55.4932,145.193
0.650048176,0,-55.1953,149.829
0.652049049,0,-54.8886,154.442
0.654050764,0,-54.5725,159.04
0.656048993,0,-54.2479,163.611
0.658046086,0,-53.9143,168.161
0.660050184,0,-53.5705,172.708
0.662050066,0,-53.2183,177.225
0.664048428,0,-52.8574,181.717
0.666015524,0,-52.4935,186.119
0.668014879,0,-52.1147,190.571
0.670048662,0,-51.7202,195.076
0.672046536,0,-51.3239,199.477
0.674049164,0,-50.9178,203.865
0.676014006,0,-50.5109,208.145
0.678045549,0,-50.0814,212.544
0.680007586,0,-49.6581,216.767
0.682050370,0,-49.2086,221.135
0.684045386,0,-48.7611,225.373
0.686051384,0,-48.3026,229.605
0.688049107,0,-47.8377,233.789
0.690013712,0,-47.3723,237.875
0.692046572,0,-46.8824,242.07
0.694045518,0,-46.3924,246.162
0.696046429,0,-45.8937,250.226
0.698047623,0,-45.3869,254.255
0.700042891,0,-44.8736,258.238
0.702047770,0,-44.3499,262.204
0.704046917,0,-43.8199,266.123
0.706023062,0,-43.2883,269.959
0.708039853,0,-42.7379,273.835
0.710038987,0,-42.1848,277.638
0.712041041,0,-41.6233,281.406
0.714041193,0,-41.0549,285.129
0.716039850,0,-40.4795,288.808
0.718040046,0,-39.8963,292.446
0.720041122,0,-39.3057,296.042
0.722042698,0,-38.7078,299.594
0.724040613,0,-38.104,303.094
0.726041814,0,-37.4923,306.553
0.728042391,0,-36.8739,309.963
0.730043172,0,-36.2486,313.324
0.732042766,0,-35.6171,316.635
0.734042530,0,-34.9791,319.895
0.736042075,0,-34.3346,323.103
0.738042260,0,-33.6836,326.261
0.740043873,0,-33.0259,329.367
0.742041376,0,-32.3634,332.413
0.744043736,0,-31.6933,335.412
0.746042870,0,-31.0183,338.349
0.748024015,0,-30.3438,341.204
0.750024543,0,-29.6569,344.03
0.752031820,0,-28.9622,346.806
0.754013935,0,-28.2708,349.489
0.756039185,0,-27.5589,352.169
0.758039097,0,-26.8507,354.754
0.760048663,0,-26.1339,357.289
0.762041239,0,-25.4184,359.74
0.764041383,0,-24.6952,362.137
0.766042972,0,-23.9669,364.471
0.768041101,0,-23.2352,366.736
0.770042739,0,-22.4978,368.938
0.772042378,0,-21.7569,371.072
0.774043234,0,-21.0113,373.139
0.776041139,0,-20.2628,375.135
0.778042549,0,-19.5091,377.066
0.780042161,0,-18.7523,378.925
0.782043862,0,-17.9911,380.716
0.784042704,0,-17.2275,382.433
0.786042092,0,-16.4604,384.079
0.788027091,0,-15.6957,385.642
0.790041891,0,-14.9164,387.155
0.792042587,0,-14.1397,388.584
0.794043538,0,-13.3601,389.939
0.796043942,0,-12.5781,391.22
0.798041731,0,-11.7947,392.424
0.800042969,0,-11.0077,393.554
0.802047586,0,-10.2172,394.611
0.804051199,0,-9.42504,395.591
0.806053608,0,-8.63154,396.493
0.808051232,0,-7.83826,397.316
0.810048068,0,-7.04375,398.062
0.812030345,0,-6.25369,398.727
0.814050841,0,-5.44714,399.325
0.816051521,0,-4.64744,399.839
0.818050591,0,-3.84747,400.275
0.820051340,0,-3.04607,400.633
0.822050306,0,-2.24479,400.912
0.824047122,0,-1.44394,401.112
0.826046844,0,-0.641633,401.234
0.828051363,0,0.162723,401.277
0.830029705,0,0.956544,401.242
0.832051421,0,1.76758,401.127
0.834051398,0,2.56954,400.934
0.836028167,0,3.36171,400.666
0.838052431,0,4.17224,400.312
0.840049986,0,4.97125,399.884
0.842051594,0,5.77091,399.377
0.844047618,0,6.56721,398.794
0.846054078,0,7.36639,398.129
0.848035395,0,8.15413,397.396
0.850046400,0,8.95207,396.575
0.852048927,0,9.74488,395.68
0.854045420,0,10.5334,394.712
0.856046426,0,11.3217,393.665
0.858048939,0,12.1083,392.541
0.860041275,0,12.8886,391.348
0.862017905,0,13.6603,390.09
0.864021350,0,14.4398,388.742
0.866047651,0,15.2253,387.303
0.868048718,0,15.9981,385.808
0.870046652,0,16.7666,384.242
0.872048169,0,17.5332,382.602
0.874051025,0,18.297,380.888
0.876051310,0,19.0562,379.106
0.878047875,0,19.8103,377.256
0.880051103,0,20.5632,375.331
0.882048044,0,21.3097,373.343
0.884047794,0,22.0532,371.283
0.886051170,0,22.7939,369.152
0.888048657,0,23.528,366.961
0.890050410,0,24.2591,364.699
0.892049585,0,24.9848,362.374
0.894047518,0,25.7052,359.987
0.896048933,0,26.422,357.531
0.898052316,0,27.1345,355.01
0.900051957,0,27.8405,352.432
0.902030006,0,28.5338,349.821
0.904051333,0,29.2367,347.092
0.906047858,0,29.9256,344.337
0.908030033,0,30.604,341.543
0.910050423,0,31.2897,338.638
0.912049825,0,31.9623,335.705
0.914049828,0,32.6293,332.716
0.916029555,0,33.2835,329.703
0.918051002,0,33.9452,326.571
0.920047080,0,34.5924,323.426
0.922051852,0,35.236,320.214
0.924048726,0,35.8705,316.964
0.926034195,0,36.495,313.682
0.928050148,0,37.1222,310.3
0.930049089,0,37.7374,306.897
0.932056863,0,38.3484,303.432
0.934058447,0,38.9505,299.93
0.936051675,0,39.543,296.397
0.938049389,0,40.1298,292.812
0.940046756,0,40.7092,289.183
0.942047230,0,41.2822,285.506
0.944036719,0,41.8447,281.807
0.946051243,0,42.4067,278.019
0.948048411,0,42.9562,274.224
0.950053470,0,43.5003,270.374
0.952047878,0,44.0337,266.507
0.954048653,0,44.5611,262.589
0.956033647,0,45.0765,258.666
0.958045372,0,45.5908,254.654
0.960033637,0,46.0912,250.654
0.962051630,0,46.5908,246.559
0.964046031,0,47.0764,242.479
0.966071865,0,47.5613,238.302
0.968027398,0,48.0214,234.239
0.970050006,0,48.4887,230.005
0.972050811,0,48.9426,225.787
0.974049900,0,49.3876,221.544
0.976053204,0,49.825,217.263
0.978040619,0,50.2504,212.988
0.980037722,0,50.6693,208.667
0.982046430,0,51.0819,204.294
0.984041192,0,51.4828,199.926
0.986042627,0,51.8764,195.519
0.988042742,0,52.2608,191.091
0.990042712,0,52.6363,186.64
0.992044132,0,53.0031,182.164
0.994051726,0,53.362,177.653
0.996050320,0,53.7103,173.141
0.998051656,0,54.05,168.602
1.000051171,0,54.3803,164.049
1.002049608,0,54.7013,159.478
1.004049315,0,55.0134,154.887
1.006040813,0,55.315,150.298
1.008051069,0,55.6101,145.648
1.010050878,0,55.8944,141.006
1.012048114,0,56.1691,136.355
1.014048750,0,56.4348,131.681
1.016047971,0,56.6911,126.995
1.018050964,0,56.9384,122.288
1.020047746,0,57.1755,117.581
1.022050976,0,57.4039,112.847
1.024050151,0,57.6224,108.111
1.026049045,0,57.8314,103.364
1.028052377,0,58.0313,98.5956
1.030049786,0,58.2211,93.831
1.032051253,0,58.4018,89.047
1.034048498,0,58.5724,84.264
1.036051066,0,58.734,79.4596
1.038050215,0,58.8856,74.6553
1.040050958,0,59.0278,69.8395
1.042048578,0,59.1601,65.0243
1.044050736,0,59.283,60.1915
1.046048088,0,59.396,55.3644
1.048047800,0,59.4994,50.5259
1.050050148,0,59.5933,45.6761
1.052050686,0,59.6774,40.8261
1.054049108,0,59.7518,35.9772
1.056048593,0,59.8164,31.1222
1.058050214,0,59.8714,26.2589
1.060026743,0,59.9162,21.454
1.062049103,0,59.9521,16.5356
1.064049356,0,59.9779,11.6693
1.066047802,0,59.9939,6.80624
1.068037759,0,60.0002,1.96319
1.070051480,0,59.9968,-2.93788
1.072028009,0,59.9838,-7.74816
1.074050836,0,59.9607,-12.6703
1.076052661,0,59.928,-17.5402
1.078054295,0,59.8856,-22.4078
1.080023853,0,59.8344,-27.1953
1.082020589,0,59.7728,-32.0461
1.084047471,0,59.7004,-36.967
1.086015706,0,59.6206,-41.7419
1.088053093,0,59.528,-46.6804
1.090048616,0,59.4276,-51.5127
1.092022858,0,59.3188,-56.2884
1.094053451,0,59.1971,-61.1948
1.096051293,0,59.0676,-66.0158
1.098056801,0,58.9279,-70.8487
1.100053535,0,58.7793,-75.6532
1.102050566,0,58.621,-80.4508
1.104050916,0,58.4529,-85.2481
1.106055421,0,58.2748,-90.0467
1.108049639,0,58.0881,-94.8114
1.110050201,0,57.8912,-99.5814
1.112031746,0,57.6869,-104.296
1.114055983,0,57.4685,-109.101
1.116018128,0,57.2476,-113.747
1.118049875,0,57.0092,-118.546
1.120050680,0,56.7649,-123.259
1.122051429,0,56.5112,-127.959
1.124047937,0,56.2487,-132.635
1.126051404,0,55.976,-137.313
1.128053334,0,55.6941,-141.972
1.130052499,0,55.4033,-146.609
1.132045499,0,55.1042,-151.215
1.134050912,0,54.794,-155.833
1.136053431,0,54.4751,-160.427
1.138051547,0,54.1477,-164.993
1.140048081,0,53.8115,-169.536
1.142056495,0,53.4641,-174.086
1.144054177,0,53.1096,-178.592
1.146055370,0,52.7454,-183.085
1.148049863,0,52.3736,-187.541
1.150050973,0,51.9916,-191.989
1.152053960,0,51.6004,-196.419
1.154054558,0,51.2009,-200.819
1.156051913,0,50.7932,-205.187
1.158053819,0,50.3759,-209.54
1.160054055,0,49.9503,-213.864
1.162053058,0,49.5163,-218.157
1.164056490,0,49.0729,-222.432
1.166047988,0,48.6236,-226.654
1.168047618,0,48.164,-230.863
1.170047989,0,47.6959,-235.044
1.172031741,0,47.2235,-239.16
1.174047270,0,46.7352,-243.309
1.176046833,0,46.2426,-247.393
1.178047223,0,45.7416,-251.445
1.180048683,0,45.2323,-255.465
1.182046931,0,44.7159,-259.443
1.184053585,0,44.1893,-263.402
1.186045755,0,43.6587,-267.295
1.188030776,0,43.1224,-271.137
1.190048756,0,42.5694,-275.003
1.192019959,0,42.0218,-278.741
1.194052325,0,41.4495,-282.554
1.196047917,0,40.8801,-286.256
1.198050264,0,40.3014,-289.928
1.200049209,0,39.7164,-293.551
1.202051042,0,39.1234,-297.135
1.204050535,0,38.5239,-300.669
1.206053243,0,37.9165,-304.163
1.208050661,0,37.3038,-307.601
1.210051305,0,36.6833,-310.996
1.212030154,0,36.063,-314.306
1.214032743,0,35.4286,-317.607
1.216054032,0,34.7817,-320.887
1.218050741,0,34.1362,-324.075
1.220050715,0,33.4833,-327.216
1.222054906,0,32.8228,-330.309
1.224030747,0,32.1658,-333.306
1.226048041,0,31.4888,-336.31
1.228049125,0,30.8114,-339.233
1.230047651,0,30.1292,-342.096
1.232046470,0,29.4412,-344.901
1.234030561,0,28.7528,-347.627
1.236048742,0,28.0471,-350.34
1.238047063,0,27.3431,-352.966
1.240052945,0,26.6312,-355.539
1.242030963,0,25.9242,-358.016
1.244048071,0,25.1984,-360.478
1.246054357,0,24.4715,-362.862
1.248051026,0,23.7436,-365.17
1.250072362,0,23.002,-367.441
1.252055596,0,22.27,-369.603
1.254050302,0,21.5296,-371.71
1.256047930,0,20.784,-373.753
1.258049988,0,20.0328,-375.733
1.260056545,0,19.2759,-377.647
1.262049825,0,18.5204,-379.479
1.264050099,0,17.7587,-381.247
1.266047833,0,16.9945,-382.941
1.268049727,0,16.2255,-384.568
1.270051109,0,15.4535,-386.121
1.272049390,0,14.6797,-387.599
1.274049209,0,13.9024,-389.005
1.276047943,0,13.1229,-390.336
1.278048969,0,12.3399,-391.594
1.280030557,0,11.5622,-392.766
1.282050245,0,10.7672,-393.884
1.284052005,0,9.97721,-394.916
1.286047779,0,9.18761,-395.869
1.288050359,0,8.39352,-396.748
1.290045474,0,7.60075,-397.548
1.292048899,0,6.8032,-398.273
1.294049829,0,6.0053,-398.92
1.296043275,0,5.20922,-399.486
1.298046843,0,4.40807,-399.978
1.300024310,0,3.61651,-400.386
1.302070048,0,2.79689,-400.728
1.304026872,0,2.01236,-400.978
1.306052344,0,1.19991,-401.157
1.308048799,0,0.398864,-401.255
1.310021169,0,-0.392599,-401.275
1.312044187,0,-1.20431,-401.216
1.314045685,0,-2.00714,-401.078
1.316046240,0,-2.8092,-400.861
1.318045253,0,-3.6101,-400.566
1.320045527,0,-4.41079,-400.193
1.322049062,0,-5.21192,-399.74
1.324047443,0,-6.00997,-399.21
1.326030267,0,-6.80064,-398.608
1.328046244,0,-7.60319,-397.917
1.330046377,0,-8.39795,-397.154
1.332048078,0,-9.19168,-396.313
1.334046873,0,-9.98246,-395.397
1.336047256,0,-10.7719,-394.403
1.338048335,0,-11.5596,-393.333
1.340046809,0,-12.3439,-392.189
1.342047533,0,-13.1268,-390.968
1.344048170,0,-13.907,-389.673
1.346046688,0,-14.6837,-388.304
1.348045562,0,-15.4578,-386.862
1.350053492,0,-16.2323,-385.339
1.352030668,0,-16.9918,-383.769
1.354048667,0,-17.7637,-382.093
1.356051510,0,-18.5264,-380.358
1.358026685,0,-19.2751,-378.577
1.360052294,0,-20.039,-376.68
1.362031443,0,-20.7817,-374.757
1.364050616,0,-21.5353,-372.726
1.366048807,0,-22.277,-370.648
1.368048989,0,-23.0151,-368.5
1.370053868,0,-23.7506,-366.281
1.372053512,0,-24.4796,-364.001
1.374032999,0,-25.1967,-361.68
1.376039204,0,-25.9187,-359.263
1.378051525,0,-26.6379,-356.776
1.380048300,0,-27.3465,-354.244
1.382054283,0,-28.0532,-351.639
1.384050818,0,-28.7513,-348.985
1.386052108,0,-29.4457,-346.265
1.388052250,0,-30.1341,-343.487
1.390053498,0,-30.8172,-340.649
1.392049997,0,-31.493,-337.76
1.394032731,0,-32.1584,-334.835
1.396053808,0,-32.8305,-331.798
1.398055592,0,-33.4901,-328.734
1.400033807,0,-34.1358,-325.654
1.402054940,0,-34.7892,-322.453
1.404054873,0,-35.4292,-319.233
1.406032860,0,-36.0559,-315.998
1.408024063,0,-36.6802,-312.692
1.410027754,0,-37.3016,-309.316
1.412018900,0,-37.9125,-305.913
1.414046675,0,-38.5274,-302.399
1.416052150,0,-39.1286,-298.877
1.418048195,0,-39.7199,-295.326
1.420052797,0,-40.3065,-291.715
1.422050305,0,-40.8837,-288.073
1.424050356,0,-41.4543,-284.383
1.426051755,0,-42.0179,-280.649
1.428050867,0,-42.5733,-276.878
1.430053105,0,-43.1219,-273.061
1.432053016,0,-43.6623,-269.21
1.434051309,0,-44.1944,-265.323
1.436049932,0,-44.7188,-261.398
1.438052529,0,-45.2363,-257.429
1.440060662,0,-45.7472,-253.413
1.442050163,0,-46.2454,-249.4
1.444050299,0,-46.7382,-245.332
1.446053873,0,-47.2235,-241.223
1.448053746,0,-47.6997,-237.09
1.450053386,0,-48.1676,-232.925
1.452054858,0,-48.6275,-228.727
1.454053127,0,-49.0782,-224.505
1.456049865,0,-49.5202,-220.258
1.458054222,0,-49.9552,-215.966
1.460047811,0,-50.3793,-211.671
1.462051563,0,-50.7969,-207.326
1.464053243,0,-51.2054,-202.961
1.466048156,0,-51.6037,-198.585
1.468028263,0,-51.9905,-194.218
1.470048393,0,-52.376,-189.739
1.472047584,0,-52.7487,-185.283
1.474048472,0,-53.1127,-180.802
1.476046737,0,-53.4672,-176.305
1.478026104,0,-53.8095,-171.83
1.480045701,0,-54.1496,-167.244
1.482046261,0,-54.4774,-162.683
1.484046948,0,-54.796,-158.102
1.486047555,0,-55.1054,-153.503
1.488047768,0,-55.4055,-148.888
1.490047988,0,-55.6964,-144.257
1.492031062,0,-55.9756,-139.649
1.494047088,0,-56.25,-134.95
1.496047545,0,-56.513,-130.272
1.498048808,0,-56.7666,-125.577
1.500029022,0,-57.0084,-120.919
1.502049106,0,-57.2454,-116.154
1.504048633,0,-57.4706,-111.425
1.506048401,0,-57.6863,-106.684
1.508030767,0,-57.8908,-101.973
1.510047624,0,-58.0892,-97.1695
1.512047773,0,-58.2764,-92.3954
1.514047167,0,-58.4539,-87.6136
1.516048457,0,-58.6221,-82.8182
1.518057168,0,-58.7812,-77.9965
1.520043125,0,-58.929,-73.2216
1.522053673,0,-59.0689,-68.3801
1.524050645,0,-59.1982,-63.5644
1.526051144,0,-59.3181,-58.7337
1.528051319,0,-59.4284,-53.898
1.530053789,0,-59.529,-49.0514
1.532045866,0,-59.6195,-44.225
1.534049256,0,-59.7008,-39.3668
1.536048400,0,-59.7722,-34.515
1.538046444,0,-59.8339,-29.6625
1.540047698,0,-59.886,-24.7993
1.542045634,0,-59.9283,-19.9417
1.544037039,0,-59.9607,-15.098
1.546057139,0,-59.9838,-10.183
1.548044453,0,-59.9968,-5.3468
1.550043584,0,-60.0002,-0.481319
1.552050443,0,-59.9938,4.40302
1.554048642,0,-59.9778,9.26585
1.556054753,0,-59.9518,14.147
1.558055511,0,-59.9162,19.0138
1.560055500,0,-59.8709,23.8768
1.562054321,0,-59.8159,28.7346
1.564054450,0,-59.7511,33.5928
1.566043187,0,-59.6771,38.42
1.568055586,0,-59.5924,43.3008
1.570054447,0,-59.4986,48.1445
1.572058798,0,-59.3948,52.9967
1.574049743,0,-59.2821,57.8111
1.576057461,0,-59.1587,62.6603
1.578048210,0,-59.0268,67.4623
1.580046486,0,-58.8848,72.2756
1.582027614,0,-58.7345,77.0404
1.584047649,0,-58.5716,81.8909
1.586045876,0,-58.4008,86.6806
1.588043337,0,-58.2204,91.4596
1.590046273,0,-58.0301,96.2422
1.592046026,0,-57.8305,101.007
1.594046086,0,-57.6213,105.763
1.596047075,0,-57.4026,110.509
1.598047937,0,-57.1743,115.243
1.600046083,0,-56.937,119.959
1.602048209,0,-56.6897,124.671
1.604048733,0,-56.4333,129.366
1.606046466,0,-56.1678,134.041
1.608047359,0,-55.8926,138.708
1.610047133,0,-55.6083,143.358
1.612047381,0,-55.3146,147.992
1.614047952,0,-55.0116,152.611
1.616046809,0,-54.6996,157.209
1.618047292,0,-54.3783,161.793
1.620048717,0,-54.0476,166.361
1.622047423,0,-53.7083,170.903
1.624047635,0,-53.3596,175.429
1.626048404,0,-53.0019,179.935
1.628048574,0,-52.6352,184.419
1.630052025,0,-52.259,188.889
1.632052699,0,-51.8745,193.329
1.634050553,0,-51.4816,197.74
1.636017291,0,-51.0863,202.059
1.638045902,0,-50.6697,206.488
1.640042650,0,-50.2509,210.822
1.642045398,0,-49.8222,215.143
1.644043646,0,-49.3859,219.427
1.646044155,0,-48.9405,223.688
1.648045413,0,-48.4865,227.921
1.650045339,0,-48.0243,232.122
1.652047034,0,-47.5534,236.297
1.654048011,0,-47.0744,240.438
1.656049061,0,-46.5871,244.548
1.658048658,0,-46.092,248.622
1.660042265,0,-45.5903,252.65
1.662045800,0,-45.0781,256.663
1.664024547,0,-44.5644,260.592
1.666026306,0,-44.0368,264.531
1.668028096,0,-43.5014,268.432
1.670044182,0,-42.9543,272.322
1.672043707,0,-42.4041,276.142
1.674042794,0,-41.8464,279.92
1.676044032,0,-41.2806,283.662
1.678044029,0,-40.7077,287.36
1.680047167,0,-40.1266,291.02
1.682046249,0,-39.5394,294.63
1.684046820,0,-38.9446,298.198
1.686048146,0,-38.3425,301.722
1.688046839,0,-37.7342,305.195
1.690046819,0,-37.1187,308.623
1.692048796,0,-36.4958,312.006
1.694049872,0,-35.8664,315.338
1.696046820,0,-35.2318,318.614
1.698045919,0,-34.59,321.842
1.700026890,0,-33.9478,324.99
1.702049006,0,-33.2858,328.15
1.704046992,0,-32.6256,331.218
1.706048582,0,-31.9581,334.237
1.708055183,0,-31.2829,337.207
1.710045656,0,-30.6074,340.098
1.712045527,0,-29.9229,342.945
1.714044118,0,-29.2333,345.732
1.716019189,0,-28.5465,348.429
1.718041958,0,-27.8376,351.13
1.720042258,0,-27.1313,353.74
1.722042152,0,-26.42,356.287
1.724015146,0,-25.7135,358.739
1.726042929,0,-24.9823,361.195
1.728049786,0,-24.2538,363.561
1.730045077,0,-23.525,365.848
1.732044683,0,-22.7901,368.075
1.734043593,0,-22.0511,370.234
1.736047180,0,-21.3061,372.331
1.738047589,0,-20.5583,374.357
1.740046587,0,-19.807,376.312
1.742049206,0,-19.0505,378.202
1.744049507,0,-18.2913,380.019
1.746025206,0,-17.5379,381.744
1.748053594,0,-16.761,383.444
1.750050051,0,-15.9931,385.044
1.752046515,0,-15.222,386.571
1.754051552,0,-14.4447,388.033
1.756049383,0,-13.6674,389.415
1.758048897,0,-12.8868,390.724
1.760051905,0,-12.1023,391.96
1.762050352,0,-11.3173,393.119
1.764048432,0,-10.5302,394.202
1.766049996,0,-9.73962,395.211
1.768051585,0,-8.94716,396.144
1.770052002,0,-8.15342,396.999
1.772057550,0,-7.35603,397.779
1.774050811,0,-6.5621,398.477
1.776050848,0,-5.76419,399.1
1.778054232,0,-4.96381,399.645
1.780052474,0,-4.16452,400.112
1.782054268,0,-3.36298,400.501
1.784050897,0,-2.56285,400.81
1.786051978,0,-1.76044,401.042
1.788033992,0,-0.965336,401.194
1.790054381,0,-0.154643,401.27
1.792053673,0,0.647615,401.265
1.794054715,0,1.45045,401.182
1.796048157,0,2.24995,401.02
1.798029763,0,3.04427,400.783
1.800047446,0,3.85245,400.461
1.802030239,0,4.6459,400.068
1.804046031,0,5.45164,399.589
1.806048396,0,6.25094,399.035
1.808047634,0,7.04777,398.404
1.810029044,0,7.83614,397.702
1.812035378,0,8.63289,396.913
1.814048795,0,9.43074,396.045
1.816049266,0,10.2216,395.104
1.818047769,0,11.0097,394.088
1.820046822,0,11.7959,392.997
1.822048213,0,12.5807,391.828
1.824047072,0,13.362,390.586
1.826046796,0,14.1411,389.268
1.828048468,0,14.9182,387.876
1.830047891,0,15.6916,386.411
1.832049209,0,16.4626,384.871
1.834048009,0,17.2295,383.261
1.836029750,0,17.9865,381.594
1.838029367,0,18.747,379.841
1.840047430,0,19.5107,378
1.842048071,0,20.2641,376.105
1.844048363,0,21.0135,374.141
1.846047609,0,21.7585,372.109
1.848049067,0,22.5001,370.007
1.850048988,0,23.2368,367.84
1.852045934,0,23.9681,365.609
1.854046208,0,24.6959,363.309
1.856022365,0,25.4104,360.973
1.858045454,0,26.137,358.517
1.860043145,0,26.8495,356.028
1.862043653,0,27.5579,353.473
1.864043563,0,28.2609,350.858
1.866043618,0,28.9586,348.181
1.868044533,0,29.6512,345.444
1.870046692,0,30.3386,342.645
1.872045955,0,31.0194,339.793
1.874046626,0,31.6949,336.881
1.876047220,0,32.3644,333.913
1.878047457,0,33.0278,330.89
1.880047338,0,33.6849,327.814
1.882048842,0,34.3363,324.681
1.884046506,0,34.9802,321.501
1.886045447,0,35.618,318.267
1.888028704,0,36.2443,315.009
1.890047255,0,36.8751,311.642
1.892046883,0,37.4932,308.258
1.894047142,0,38.1047,304.825
1.896038802,0,38.7066,301.359
1.898046432,0,39.3063,297.819
1.900043455,0,39.8957,294.253
1.902041114,0,40.4781,290.641
1.904039507,0,41.0535,286.984
1.906038651,0,41.6216,283.284
1.908015893,0,42.1763,279.583
1.910014846,0,42.7295,275.801
1.912038488,0,43.2817,271.932
1.914013133,0,43.8131,268.118
1.916013571,0,44.3436,264.217
1.918042175,0,44.8735,260.222
1.920041173,0,45.3877,256.25
1.922041146,0,45.8942,252.24
1.924041904,0,46.3928,248.194
1.926042443,0,46.8832,244.115
1.928044577,0,47.3658,239.999
1.930040981,0,47.8387,235.864
1.932026402,0,48.3009,231.72
1.934041415,0,48.7614,227.484
1.936021513,0,49.2056,223.292
1.938040684,0,49.6499,218.989
1.940068611,0,50.0874,214.639
1.942042964,0,50.5049,210.376
1.944038868,0,50.9183,206.041
1.946038836,0,51.3238,201.672
1.948037724,0,51.7204,197.28
1.950039972,0,52.1087,192.857
1.952038512,0,52.4875,188.419
1.954045848,0,52.859,183.939
1.956046835,0,53.2203,179.451
1.958044425,0,53.572,174.949
1.960044561,0,53.9152,170.421
1.962046204,0,54.2495,165.87
1.964043229,0,54.5739,161.311
1.966042586,0,54.8895,156.728
1.968035641,0,55.195,152.141
1.970040495,0,55.4931,147.511
1.972043282,0,55.7816,142.868
1.974034797,0,56.0592,138.236
1.976033340,0,56.3285,133.573
1.978035152,0,56.5888,128.888
1.980028897,0,56.8388,124.207
1.982023603,0,57.0795,119.511
1.984055824,0,57.3151,114.714
1.986049357,0,57.5367,109.995
1.988054356,0,57.7501,105.238
1.990050145,0,57.953,100.492
1.992015198,0,58.1436,95.8084
1.994047699,0,58.3309,90.9542
1.996047275,0,58.5056,86.1692
1.998051898,0,58.6711,81.3633
2.000017615,0,58.8241,76.6425
2.002029690,0,58.971,71.8025
2.004047110,0,59.1085,66.9424
2.006046130,0,59.2351,62.1197
2.008043091,0,59.3519,57.2959
2.010032308,0,59.4587,52.485
2.012044838,0,59.557,47.6125
2.014039716,0,59.6447,42.778
2.016048325,0,59.7233,37.9059
2.018039237,0,59.7916,33.0731
2.020039563,0,59.8504,28.2141
2.022042129,0,59.8996,23.3469
2.024043091,0,59.939,18.4813
2.026042856,0,59.9687,13.6168
2.028048202,0,59.9887,8.73733
2.030039996,0,59.9988,3.89002
2.032011644,0,59.9994,-0.908637
2.034011775,0,59.9903,-5.77653
2.036026232,0,59.9712,-10.6787
2.038051570,0,59.9421,-15.6063
2.040008222,0,59.9046,-20.3653
2.042040078,0,59.8557,-25.3052
2.044037498,0,59.7979,-30.1588
2.046037653,0,59.7303,-35.0161
2.048021496,0,59.6536,-39.8304
2.050024456,0,59.5666,-44.6871
2.052029455,0,59.4697,-49.5443
2.054032298,0,59.3631,-54.3914
2.056040808,0,59.2466,-59.2467
2.058027114,0,59.1218,-64.0424
2.060143636,0,58.9781,-69.1456
2.062157094,0,58.8316,-73.9929
2.064042264,0,58.6856,-78.5245
2.066041086,0,58.5215,-83.3215
2.068014701,0,58.3501,-88.0497
2.070021889,0,58.1661,-92.8493
2.072039110,0,57.9715,-97.6631
2.074037437,0,57.7692,-102.422
2.076021662,0,57.559,-107.136
2.078042136,0,57.3352,-111.925
2.080041405,0,57.1044,-116.652
2.082037841,0,56.8644,-121.36
2.084039776,0,56.6144,-126.068
2.086041227,0,56.3551,-130.761
2.088043356,0,56.0862,-135.442
2.090044968,0,55.8081,-140.106
2.092044038,0,55.5211,-144.749
2.094045354,0,55.2244,-149.382
2.096046235,0,54.9186,-153.996
2.098044412,0,54.604,-158.587
2.100045174,0,54.2798,-163.166
2.102048304,0,53.9461,-167.732
2.104038238,0,53.6056,-172.248
2.106042754,0,53.2535,-176.778
2.108043007,0,52.8932,-181.277
2.110041427,0,52.5242,-185.751
2.112033249,0,52.1476,-190.188
2.114045647,0,51.7581,-194.647
2.116039442,0,51.3635,-199.042
2.118039310,0,50.9588,-203.426
2.120042620,0,50.5447,-207.793
2.122045102,0,50.1221,-212.131
2.124043371,0,49.6918,-216.434
2.126046510,0,49.2518,-220.72
2.128043962,0,48.8045,-224.966
2.130042340,0,48.3486,-229.184
2.132041885,0,47.8841,-233.376
2.134042955,0,47.4108,-237.54
2.136048873,0,46.9281,-241.682
2.138042334,0,46.4402,-245.766
2.140041735,0,45.9427,-249.83
2.142030519,0,45.4399,-253.838
2.144023576,0,44.928,-257.82
2.146014873,0,44.4087,-261.763
2.148048545,0,43.8703,-265.753
2.150042200,0,43.3347,-269.627
2.152043578,0,42.7893,-273.477
2.154043201,0,42.2367,-277.284
2.156043710,0,41.6763,-281.053
2.158042460,0,41.109,-284.778
2.160042487,0,40.5339,-288.463
2.162044396,0,39.9509,-292.109
2.164044485,0,39.3613,-295.707
2.166045679,0,38.7642,-299.262
2.168031108,0,38.1648,-302.745
2.170050924,0,37.548,-306.24
2.172044540,0,36.9324,-309.643
2.174042558,0,36.3087,-313.005
2.176040783,0,35.6783,-316.317
2.178039797,0,35.0411,-319.581
2.180039607,0,34.3971,-322.795
2.182040537,0,33.7465,-325.959
2.184039952,0,33.0901,-329.067
2.186019095,0,32.4343,-332.09
2.188041923,0,31.7579,-335.125
2.190044658,0,31.0823,-338.073
2.192020967,0,30.41,-340.927
2.194041218,0,29.7169,-343.786
2.196042117,0,29.0248,-346.559
2.198042938,0,28.3273,-349.272
2.200041702,0,27.6252,-351.922
2.202044372,0,26.9166,-354.517
2.204057380,0,26.1991,-357.062
2.206041170,0,25.4871,-359.508
2.208041738,0,24.7642,-361.911
2.210040849,0,24.0372,-364.248
2.212042659,0,23.3047,-366.523
2.214041719,0,22.5686,-368.729
2.216031541,0,21.8317,-370.859
2.218043028,0,21.0826,-372.944
2.220054843,0,20.3293,-374.961
2.222043388,0,19.5808,-376.885
2.224023123,0,18.8319,-378.733
2.226043259,0,18.064,-380.547
2.228040538,0,17.3014,-382.27
2.230041555,0,16.534,-383.924
2.232044237,0,15.7627,-385.508
2.234047643,0,14.9881,-387.019
2.236033695,0,14.2173,-388.444
2.238044107,0,13.4343,-389.813
2.240043771,0,12.6529,-391.1
2.242044733,0,11.8685,-392.313
2.244041799,0,11.0833,-393.449
2.246023385,0,10.3021,-394.501
2.248026600,0,9.51029,-395.488
2.250042415,0,8.71166,-396.405
2.252049012,0,7.91497,-397.24
2.254046145,0,7.12049,-397.993
2.256049282,0,6.32223,-398.672
2.258022484,0,5.53468,-399.263
2.260040869,0,4.72801,-399.791
2.262040341,0,3.92796,-400.234
2.264041009,0,3.12667,-400.6
2.266042907,0,2.32427,-400.887
2.268024200,0,1.52967,-401.094
2.270043585,0,0.719502,-401.225
2.272030773,0,-0.0778924,-401.276
2.274041149,0,-0.884576,-401.248
2.276038897,0,-1.68602,-401.142
2.278040135,0,-2.48853,-400.957
2.280040498,0,-3.2902,-400.693
2.282041740,0,-4.09158,-400.351
2.284042543,0,-4.89198,-399.93
2.286031965,0,-5.68688,-399.434
2.288043005,0,-6.4893,-398.854
2.290042029,0,-7.28564,-398.2
2.292043865,0,-8.08168,-397.467
2.294040114,0,-8.87392,-396.659
2.296044622,0,-9.6677,-395.771
2.298042839,0,-10.4571,-394.808
2.300043477,0,-11.2454,-393.769
2.302044809,0,-12.0318,-392.653
2.304045266,0,-12.8155,-391.462
2.306044784,0,-13.5964,-390.197
2.308043490,0,-14.3743,-388.858
2.310027717,0,-15.1438,-387.456
2.312039705,0,-15.9211,-385.96
2.314040714,0,-16.6911,-384.399
2.316040426,0,-17.4573,-382.767
2.318042220,0,-18.221,-381.062
2.320034108,0,-18.9774,-379.294
2.322043471,0,-19.7367,-377.44
2.324047922,0,-20.4904,-375.52
2.326045488,0,-21.2376,-373.538
2.328042973,0,-21.9807,-371.487
2.330042286,0,-22.7202,-369.367
2.332042373,0,-23.4557,-367.18
2.334019977,0,-24.1785,-364.951
2.336044405,0,-24.9138,-362.604
2.338039856,0,-25.6338,-360.226
2.340041067,0,-26.351,-357.777
2.342040438,0,-27.0626,-355.267
2.344031394,0,-27.7661,-352.706
2.346043880,0,-28.4719,-350.056
2.348043347,0,-29.1678,-347.362
2.350045537,0,-29.8592,-344.605
2.352048290,0,-30.5451,-341.788
2.354048506,0,-31.2245,-338.917
2.356046176,0,-31.8971,-335.993
2.358048403,0,-32.5654,-333.005
2.360051672,0,-33.2279,-329.961
2.362041790,0,-33.88,-326.883
2.364041271,0,-34.5289,-323.738
2.366041157,0,-35.1715,-320.539
2.368082463,0,-35.8208,-317.221
2.370043199,0,-36.438,-313.984
2.372040562,0,-37.0601,-310.638
2.374041253,0,-37.6765,-307.237
2.376041642,0,-38.286,-303.789
2.378042082,0,-38.8884,-300.294
2.380041820,0,-39.4836,-296.755
2.382043411,0,-40.0722,-293.167
2.384028873,0,-40.6489,-289.564
2.386042319,0,-41.2264,-285.867
2.388043764,0,-41.793,-282.15
2.390043060,0,-42.3514,-278.395
2.392042940,0,-42.9025,-274.599
2.394042925,0,-43.4459,-270.762
2.396043674,0,-43.9819,-266.886
2.398024372,0,-44.5047,-263.012
2.400043684,0,-45.0298,-259.024
2.402045032,0,-45.5422,-255.036
2.404046822,0,-46.0467,-251.012
2.406031795,0,-46.539,-246.988
2.408041696,0,-47.0292,-242.879
2.410036254,0,-47.5075,-238.77
2.412030041,0,-47.9774,-234.631
2.414033221,0,-48.4411,-230.441
2.416052184,0,-48.8999,-226.188
2.418039542,0,-49.3431,-221.972
2.420030624,0,-49.7788,-217.72
2.422041371,0,-50.21,-213.398
2.424054985,0,-50.6331,-209.043
2.426045279,0,-51.0427,-204.712
2.428041704,0,-51.4449,-200.343
2.430041469,0,-51.8389,-195.942
2.432046815,0,-52.2252,-191.505
2.434043099,0,-52.6008,-187.065
2.436041540,0,-52.968,-182.598
2.438048277,0,-53.3276,-178.09
2.440046071,0,-53.6767,-173.582
2.442041508,0,-54.0163,-169.059
2.444013617,0,-54.343,-164.569
2.446038604,0,-54.6693,-159.94
2.448066471,0,-54.9865,-155.286
2.450040922,0,-55.2864,-150.738
2.452039982,0,-55.5808,-146.115
2.454025296,0,-55.864,-141.509
2.456045452,0,-56.1428,-136.806
2.458025470,0,-56.4068,-132.181
2.460041152,0,-56.6661,-127.459
2.462040551,0,-56.9139,-122.761
2.464046252,0,-57.153,-118.035
2.466036933,0,-57.3809,-113.332
2.468041206,0,-57.601,-108.585
2.470039459,0,-57.8108,-103.84
2.472041093,0,-58.0115,-99.0769
2.474041122,0,-58.2025,-94.3071
2.476039859,0,-58.3839,-89.5306
2.478041967,0,-58.5559,-84.7368
2.480046006,0,-58.7185,-79.9297
2.482041234,0,-58.8708,-75.1356
2.484040356,0,-59.0138,-70.3245
2.486043277,0,-59.1474,-65.4971
2.488044103,0,-59.2712,-60.6682
2.490043409,0,-59.3853,-55.8369
2.492044336,0,-59.4897,-50.9961
2.494032800,0,-59.5839,-46.1804
2.496045126,0,-59.6695,-41.3022
2.498049696,0,-59.745,-36.4388
2.500040570,0,-59.8103,-31.605
2.502039080,0,-59.8662,-26.7495
2.504048915,0,-59.9126,-21.8639
2.506025867,0,-59.9487,-17.0561
2.508022262,0,-59.9755,-12.1994
2.510048569,0,-59.9927,-7.26863
2.512053151,0,-59.9999,-2.39003
2.514039999,0,-59.9975,2.44564
2.516076314,0,-59.9849,7.40146
2.518042112,0,-59.9633,12.1849
2.520061760,0,-59.9313,17.0983
2.522045572,0,-59.8902,21.9227
2.524047899,0,-59.839,26.7901
2.526043156,0,-59.7783,31.6376
2.528048636,0,-59.7075,36.5068
2.530047918,0,-59.6272,41.3574
2.532046762,0,-59.5373,46.2028
2.534043643,0,-59.4378,51.0389
2.536044370,0,-59.3284,55.8792
2.538049609,0,-59.2091,60.7248
2.540072151,0,-59.0788,65.606
2.542041242,0,-58.9427,70.3517
2.544051083,0,-58.794,75.1885
2.546044780,0,-58.6369,79.9788
2.548044933,0,-58.4697,84.7766
2.550045557,0,-58.2929,89.5667
2.552044112,0,-58.1068,94.3427
2.554044011,0,-57.9109,99.1121
2.556045378,0,-57.7054,103.875
2.558048328,0,-57.4902,108.63
2.560057789,0,-57.2648,113.39
2.562044956,0,-57.0324,118.084
2.564058245,0,-56.7875,122.828
2.566050733,0,-56.5358,127.51
2.568053918,0,-56.2733,132.202
2.570079941,0,-55.9983,136.934
2.572020057,0,-55.7261,141.451
2.574047037,0,-55.4322,146.154
2.576049074,0,-55.1326,150.783
2.578042854,0,-54.8251,155.376
2.580017612,0,-54.5116,159.908
2.582041452,0,-54.1809,164.535
2.584057923,0,-53.8422,169.125
2.586051572,0,-53.4983,173.644
2.588050133,0,-53.1445,178.153
2.590029702,0,-52.7852,182.6
2.592046642,0,-52.4101,187.108
2.594212155,0,-51.9971,191.924
2.596149795,0,-51.6189,196.209
2.598082199,0,-51.2336,200.461
2.600092756,0,-50.8239,204.86
2.602063955,0,-50.4138,209.148
2.604071618,0,-49.9873,213.49
2.606072117,0,-49.5538,217.789
2.608080958,0,-49.1098,222.079
2.610070861,0,-48.6616,226.299
2.612053327,0,-48.2068,230.475
2.614068423,0,-47.736,234.689
2.616075031,0,-47.2588,238.855
2.618092656,0,-46.7705,243.011
2.620085109,0,-46.2803,247.083
2.622087745,0,-45.7794,251.142
2.624073055,0,-45.2747,255.132
2.626067187,0,-44.76,259.105
2.628068241,0,-44.2356,263.056
2.630169740,0,-43.6763,267.166
2.632210177,0,-43.1251,271.116
2.634062779,0,-42.6179,274.667
2.636076230,0,-42.0591,278.488
2.638041723,0,-41.5063,282.178
2.640096053,0,-40.9207,285.993
2.642081424,0,-40.3474,289.638
2.644088976,0,-39.7605,293.279
2.646072684,0,-39.1734,296.834
2.648078327,0,-38.5727,300.383
2.650090132,0,-37.9631,303.897
2.652054470,0,-37.3612,307.281
2.654051115,0,-36.7425,310.674
2.656043134,0,-36.1187,314.011
2.658227760,0,-35.4268,317.615
2.660056811,0,-34.8417,320.584
2.662066947,0,-34.1925,323.798
2.664053115,0,-33.5447,326.922
2.666047556,0,-32.888,330.006
2.668047501,0,-32.2235,333.044
2.670045735,0,-31.5535,336.025
2.672092494,0,-30.8611,339.02
2.674046853,0,-30.1945,341.824
2.676046026,0,-29.5069,344.635
2.678057345,0,-28.8095,347.404
2.680050688,0,-28.113,350.089
2.682044894,0,-27.4109,352.715
2.684043007,0,-26.7023,355.284
2.686014831,0,-25.9981,357.759
2.688015122,0,-25.2788,360.208
2.690046656,0,-24.5433,362.629
2.692043181,0,-23.8158,364.943
2.694042205,0,-23.0829,367.196
2.696041573,0,-22.3455,369.382
2.698040982,0,-21.6037,371.501
2.700043877,0,-20.8566,373.557
2.702042962,0,-20.1068,375.54
2.704042542,0,-19.353,377.454
2.706044135,0,-18.5947,379.301
2.708050191,0,-17.8311,381.081
2.710045439,0,-17.0682,382.78
2.712044642,0,-16.3005,384.411
2.714046915,0,-15.5285,385.972
2.716046521,0,-14.7544,387.459
2.718047535,0,-13.977,388.872
2.720048783,0,-13.1967,390.212
2.722050450,0,-12.4138,391.478
2.724027663,0,-11.638,392.654
2.726046230,0,-10.8437,393.779
2.728045985,0,-10.0546,394.817
2.730046174,0,-9.26346,395.78
2.732048176,0,-8.46977,396.666
2.734049147,0,-7.67483,397.475
2.736054699,0,-6.87656,398.208
2.738048265,0,-6.08172,398.86
2.740044561,0,-5.28461,399.435
2.742041559,0,-4.48618,399.932
2.744052062,0,-3.68147,400.354
2.746061292,0,-2.87654,400.697
2.748042573,0,-2.08225,400.957
2.750042509,0,-1.28007,401.142
2.752064968,0,-0.468609,401.249
2.754030880,0,0.320259,401.275
2.756051695,0,1.13109,401.223
2.758044907,0,1.93063,401.093
2.760036681,0,2.72922,400.885
2.762046731,0,3.53459,400.596
2.764042542,0,4.33357,400.231
2.766043321,0,5.13368,399.786
2.768054766,0,5.93705,399.261
2.770051454,0,6.73336,398.661
2.772047245,0,7.528,397.984
2.774052776,0,8.32504,397.226
2.776056889,0,9.11988,396.391
2.778046310,0,9.90713,395.486
2.780045365,0,10.6963,394.501
2.782045839,0,11.4839,393.438
2.784045480,0,12.2689,392.3
2.786045702,0,13.0518,391.087
2.788045424,0,13.8319,389.799
2.790045464,0,14.6095,388.437
2.792045144,0,15.3841,387.001
2.794047053,0,16.1566,385.49
2.796044671,0,16.9243,383.91
2.798045528,0,17.69,382.255
2.800045254,0,18.4518,380.53
2.802050272,0,19.2121,378.729
2.804046424,0,19.9653,376.865
2.806045433,0,20.7157,374.93
2.808046993,0,21.4632,372.923
2.810046077,0,22.2056,370.85
2.812042716,0,22.9429,368.713
2.814018128,0,23.668,366.532
2.816015416,0,24.3967,364.263
2.818041444,0,25.1311,361.894
2.820013464,0,25.8412,359.525
2.822041567,0,26.5666,357.024
2.824042301,0,27.2771,354.494
2.826043996,0,27.9828,351.901
2.828044160,0,28.6827,349.248
2.830044691,0,29.3773,346.535
2.832024539,0,30.0594,343.791
2.834045561,0,30.7498,340.931
2.836042332,0,31.4263,338.047
2.838041604,0,32.0977,335.104
2.840043747,0,32.7641,332.1
2.842045578,0,33.4244,329.042
2.844045030,0,34.0776,325.933
2.846054216,0,34.7277,322.756
2.848023953,0,35.3588,319.59
2.850045396,0,35.9998,316.289
2.852042163,0,36.6264,312.979
2.854048388,0,37.2492,309.603
2.856041920,0,37.8614,306.2
2.858042334,0,38.4687,302.737
2.860042798,0,39.0691,299.228
2.862045247,0,39.6629,295.67
2.864057746,0,40.2525,292.049
2.866044899,0,40.8274,288.43
2.868045813,0,41.399,284.743
2.870044499,0,41.9626,281.018
2.872044721,0,42.519,277.249
2.874043360,0,43.0674,273.443
2.876024779,0,43.6036,269.631
2.878062375,0,44.1469,265.672
2.880025416,0,44.6628,261.821
2.882045165,0,45.1856,257.821
2.884033648,0,45.6923,253.848
2.886046723,0,46.1972,249.791
2.888061157,0,46.6942,245.697
2.890035860,0,47.1734,241.65
2.892022326,0,47.6473,237.548
2.894071576,0,48.1276,233.284
2.896040031,0,48.5807,229.157
2.898041500,0,49.033,224.932
2.900041092,0,49.4764,220.681
2.902041696,0,49.9115,216.4
2.904040028,0,50.3375,212.097
2.906020736,0,50.7512,207.806
2.908040644,0,51.1643,203.403
2.910021052,0,51.5606,199.062
2.912041140,0,51.956,194.609
2.914219840,0,52.3721,189.78
2.916204354,0,52.7422,185.357
2.918218799,0,53.1087,180.846
2.920192260,0,53.4591,176.405
2.922321000,0,53.8268,171.593
2.924086871,0,54.1245,167.583
2.926027051,0,54.4432,163.16
2.928040123,0,54.7647,158.553
2.930043177,0,55.0754,153.951
2.932031256,0,55.3747,149.366
2.934043707,0,55.6682,144.707
2.936057546,0,55.9526,140.03
2.938046707,0,56.2242,135.394
2.940042076,0,56.4874,130.729
2.942045693,0,56.7423,126.031
2.944043588,0,56.987,121.332
2.946044218,0,57.2227,116.615
2.948047010,0,57.4491,111.879
2.950045804,0,57.6656,107.141
2.952047011,0,57.8729,102.387
2.954048753,0,58.0707,97.6198
2.956052338,0,58.2591,92.8385
2.958047312,0,58.4372,88.0681
2.960046222,0,58.6061,83.2793
2.962047197,0,58.7655,78.477
2.964045114,0,58.9151,73.6741
2.966047060,0,59.0553,68.854
2.968031681,0,59.1849,64.0687
2.970044254,0,59.3065,59.2096
2.972042096,0,59.4175,54.3801
2.974043891,0,59.5191,49.5356
2.976043197,0,59.6109,44.6922
2.978044569,0,59.6931,39.8393
2.980045119,0,59.7655,34.9845
2.982044953,0,59.8281,30.128
2.984044131,0,59.8811,25.27
2.986044066,0,59.9243,20.4078
2.988059843,0,59.9581,15.505
2.990048948,0,59.9817,10.6656
2.992050279,0,59.9957,5.79536
2.994047465,0,60,0.934656
2.996043877,0,59.9946,-3.92426
2.998042846,0,59.9795,-8.78901
3.000041991,0,59.9546,-13.6533
