Time (s),Torque (Nm),Position (rad),Velocity (rad/s)
0.003605040,0,1.04707,-0.0847757
0.005611992,0,1.04677,-0.170019
0.007605121,0,1.04631,-0.254658
0.009603617,0,1.04567,-0.3395
0.011604200,0,1.04486,-0.424398
0.013608157,0,1.04389,-0.509396
0.015590807,0,1.04275,-0.593442
0.017606623,0,1.04143,-0.678834
0.019607459,0,1.03994,-0.763524
0.021607377,0,1.03829,-0.848099
0.023605043,0,1.03647,-0.932495
0.025607172,0,1.03447,-1.01699
0.027604621,0,1.03231,-1.10118
0.029607322,0,1.02998,-1.18548
0.031609281,0,1.02748,-1.26963
0.033607966,0,1.02482,-1.35352
0.035590617,0,1.02201,-1.43659
0.037608483,0,1.01899,-1.521
0.039607898,0,1.01582,-1.60447
0.041608250,0,1.01248,-1.68782
0.043608224,0,1.00898,-1.77098
0.045608035,0,1.00532,-1.85394
0.047608541,0,1.00149,-1.93674
0.049603967,0,0.997497,-2.01913
0.051604539,0,0.993334,-2.10151
0.053603716,0,0.98901,-2.18362
0.055594557,0,0.984541,-2.26514
0.057603468,0,0.979866,-2.34716
0.059604071,0,0.975049,-2.42859
0.061603381,0,0.970071,-2.50969
0.063604330,0,0.964928,-2.59058
0.065603263,0,0.959629,-2.6711
0.067603752,0,0.954165,-2.75139
0.069603218,0,0.948544,-2.83132
0.071603416,0,0.942761,-2.91096
0.073607484,0,0.936808,-2.99042
0.075604371,0,0.930718,-3.06924
0.077607669,0,0.924451,-3.14796
0.079603429,0,0.918052,-3.22601
0.081602586,0,0.911486,-3.30382
0.083602835,0,0.904761,-3.38127
0.085602525,0,0.897884,-3.45828
0.087602196,0,0.890854,-3.53488
0.089602638,0,0.883668,-3.61107
0.091602692,0,0.876332,-3.6868
0.093602607,0,0.868846,-3.76205
0.095602655,0,0.861209,-3.83684
0.097710294,0,0.852999,-3.91513
0.099605621,0,0.845479,-3.98505
0.101605307,0,0.8374,-4.05831
0.103604260,0,0.829179,-4.13102
0.105602853,0,0.820814,-4.20316
0.107603575,0,0.812297,-4.27483
0.109603043,0,0.803643,-4.34587
0.111603474,0,0.794844,-4.41636
0.113606902,0,0.785891,-4.48634
0.115604613,0,0.776824,-4.55551
0.117606947,0,0.7676,-4.6242
0.119604365,0,0.758261,-4.69207
0.121607370,0,0.748762,-4.75946
0.123604862,0,0.739155,-4.82598
0.125606394,0,0.729397,-4.89194
0.127604420,0,0.719525,-4.95707
0.129603735,0,0.709517,-5.02152
0.131604013,0,0.699377,-5.08525
0.133606778,0,0.689098,-5.14829
0.135603826,0,0.678723,-5.21038
0.137607296,0,0.668192,-5.27187
0.139603700,0,0.657576,-5.33234
0.141607288,0,0.646802,-5.3922
0.143604285,0,0.635946,-5.45101
0.145606800,0,0.624943,-5.50914
0.147595570,0,0.613902,-5.56599
0.149607149,0,0.60262,-5.6226
0.151604303,0,0.591307,-5.6779
0.153605271,0,0.579864,-5.73238
0.155603798,0,0.568328,-5.78585
0.157610068,0,0.55664,-5.83857
0.159604489,0,0.544919,-5.89001
0.161603410,0,0.533069,-5.94059
0.163603059,0,0.521115,-5.99018
0.165611282,0,0.509012,-6.03896
0.167603870,0,0.496908,-6.08633
0.169603226,0,0.484669,-6.13282
0.171603812,0,0.472332,-6.17827
0.173609910,0,0.459871,-6.22277
0.175604275,0,0.447395,-6.26591
0.177602995,0,0.434808,-6.30804
0.179605928,0,0.422112,-6.34915
0.181606808,0,0.409348,-6.38907
0.183603620,0,0.396532,-6.42776
0.185596029,0,0.383669,-6.46522
0.187603222,0,0.370637,-6.50177
0.189606289,0,0.35756,-6.53706
0.191670126,0,0.344014,-6.57217
0.193676065,0,0.330781,-6.60505
0.195603596,0,0.318006,-6.63547
0.197617290,0,0.304597,-6.66604
0.199607935,0,0.291284,-6.69502
0.201607045,0,0.277858,-6.72286
0.203605749,0,0.264381,-6.74944
0.205611509,0,0.250805,-6.77483
0.207605607,0,0.237259,-6.79878
0.209611799,0,0.223585,-6.82159
0.211606847,0,0.209943,-6.84296
0.213607277,0,0.196224,-6.86308
0.215607023,0,0.182471,-6.88188
0.217606973,0,0.168681,-6.89935
0.219605429,0,0.154869,-6.91547
0.221607517,0,0.141001,-6.93029
0.223606323,0,0.127128,-6.94373
0.225606580,0,0.113221,-6.95583
0.227604660,0,0.099306,-6.96657
0.229599833,0,0.0853922,-6.97593
0.231606449,0,0.0713818,-6.98399
0.233606284,0,0.0574048,-6.99064
0.235604462,0,0.0434281,-6.99593
0.237611110,0,0.0293836,-6.99986
0.239605389,0,0.01542,-7.00239
0.241610713,0,0.00137594,-7.00357
0.243605491,0,-0.0125945,-7.00336
0.245606010,0,-0.0266027,-7.00178
0.247605765,0,-0.0406003,-6.99883
0.249607297,0,-0.0546024,-6.99451
0.251604433,0,-0.068563,-6.98882
0.253607318,0,-0.0825504,-6.98175
0.255606317,0,-0.0964944,-6.97333
0.257611750,0,-0.110464,-6.96351
0.259605809,0,-0.124334,-6.95239
0.261666339,0,-0.138639,-6.9395
0.263607519,0,-0.152091,-6.92602
0.265685387,0,-0.166458,-6.91022
0.267604163,0,-0.179694,-6.89432
0.269606413,0,-0.193471,-6.87644
0.271602157,0,-0.207167,-6.85729
0.273616724,0,-0.22095,-6.83663
0.275605961,0,-0.234517,-6.81493
0.277605814,0,-0.248112,-6.79181
0.279610881,0,-0.261693,-6.76734
0.281606266,0,-0.275158,-6.7417
0.283607520,0,-0.28861,-6.71471
0.285606311,0,-0.301989,-6.6865
0.287610078,0,-0.315343,-6.65695
0.289605876,0,-0.328583,-6.62629
0.291599639,0,-0.341746,-6.59443
0.293605934,0,-0.354927,-6.56114
0.295602035,0,-0.367972,-6.52682
0.297606152,0,-0.380999,-6.49116
0.299604719,0,-0.393917,-6.45442
0.301606107,0,-0.406778,-6.41645
0.303606065,0,-0.419552,-6.37735
0.305606117,0,-0.432247,-6.33711
0.307605028,0,-0.444852,-6.29575
0.309610605,0,-0.457415,-6.25314
0.311604904,0,-0.46982,-6.20967
0.313606077,0,-0.48218,-6.16497
0.315605927,0,-0.49444,-6.11921
0.317606004,0,-0.506609,-6.0724
0.319604866,0,-0.518675,-6.02457
0.321605940,0,-0.530657,-5.97566
0.323605401,0,-0.542531,-5.92577
0.325609015,0,-0.554327,-5.87479
0.327605698,0,-0.56598,-5.82299
0.329606030,0,-0.577548,-5.77014
0.331605421,0,-0.589004,-5.71636
0.333609981,0,-0.600381,-5.66151
0.335605205,0,-0.611594,-5.60599
0.337605263,0,-0.622721,-5.54944
0.339605898,0,-0.633737,-5.49199
0.341605801,0,-0.644633,-5.43369
0.343603731,0,-0.655401,-5.37459
0.345605943,0,-0.666071,-5.31453
0.347604759,0,-0.676603,-5.25375
0.349605892,0,-0.687024,-5.19209
0.351604240,0,-0.697306,-5.12973
0.353609387,0,-0.707496,-5.06638
0.355605355,0,-0.717513,-5.00257
0.357609794,0,-0.727443,-4.93774
0.359603685,0,-0.737191,-4.87253
0.361609702,0,-0.746865,-4.80621
0.363608574,0,-0.756372,-4.73943
0.365605856,0,-0.765737,-4.67203
0.367606503,0,-0.774981,-4.60386
0.369605366,0,-0.784081,-4.5351
0.371604703,0,-0.793044,-4.46569
0.373605328,0,-0.801873,-4.39562
0.375603681,0,-0.810551,-4.32503
0.377604366,0,-0.819097,-4.25377
0.379609301,0,-0.827517,-4.18179
0.381605998,0,-0.835759,-4.10955
0.383604287,0,-0.843861,-4.03671
0.385604907,0,-0.851827,-3.96325
0.387596259,0,-0.859609,-3.88963
0.389605341,0,-0.867311,-3.81485
0.391604687,0,-0.874825,-3.73994
0.393605216,0,-0.882194,-3.66452
0.395603125,0,-0.889402,-3.58875
0.397605256,0,-0.896472,-3.51236
0.399603755,0,-0.903376,-3.43569
0.401605257,0,-0.910137,-3.35847
0.403603492,0,-0.916731,-3.28099
0.405609753,0,-0.923196,-3.20279
0.407610034,0,-0.929485,-3.12445
0.409605434,0,-0.935602,-3.04593
0.411607666,0,-0.941581,-2.96679
0.413605354,0,-0.947389,-2.88749
0.415604708,0,-0.953043,-2.80778
0.417604933,0,-0.958538,-2.72773
0.419602689,0,-0.963867,-2.64746
0.421604260,0,-0.969045,-2.56675
0.423605472,0,-0.97406,-2.48576
0.425605001,0,-0.978908,-2.40457
0.427607443,0,-0.983601,-2.32299
0.429604347,0,-0.988117,-2.24139
0.431604657,0,-0.992477,-2.1594
0.433605745,0,-0.996675,-2.07716
0.435603425,0,-1.0007,-1.99483
0.437604896,0,-1.00457,-1.91213
0.439602503,0,-1.00826,-1.82939
0.441604402,0,-1.0118,-1.74628
0.443603317,0,-1.01517,-1.66311
0.445611124,0,-1.01838,-1.5794
0.447604675,0,-1.0214,-1.49613
0.449604147,0,-1.02427,-1.41245
0.451604270,0,-1.02697,-1.3286
0.453604048,0,-1.0295,-1.24463
0.455609244,0,-1.03187,-1.1603
0.457604583,0,-1.03406,-1.07628
0.459603004,0,-1.03608,-0.992012
0.461604512,0,-1.03794,-0.907519
0.463603742,0,-1.03963,-0.823031
0.465604523,0,-1.04115,-0.738395
0.467605618,0,-1.0425,-0.653673
0.469603671,0,-1.04368,-0.569015
0.471603892,0,-1.04469,-0.484209
0.473608758,0,-1.04553,-0.399158
0.475602879,0,-1.0462,-0.314524
0.477607866,0,-1.0467,-0.229397
0.479604304,0,-1.04703,-0.144611
0.481608750,0,-1.04719,-0.0594712
0.483604137,0,-1.04718,0.0252901
0.485604243,0,-1.04701,0.110249
0.487603918,0,-1.04666,0.195179
0.489607762,0,-1.04614,0.280267
0.491601836,0,-1.04545,0.364913
0.493604139,0,-1.04459,0.449872
0.495603744,0,-1.04357,0.534672
0.497603582,0,-1.04237,0.61943
0.499602712,0,-1.04101,0.704096
0.501604425,0,-1.03947,0.788802
0.503607945,0,-1.03776,0.873505
0.505604144,0,-1.03589,0.957812
0.507592212,0,-1.03386,1.04168
0.509632420,0,-1.0316,1.12764
0.511591702,0,-1.02927,1.21008
0.513617988,0,-1.02669,1.29522
0.515599847,0,-1.024,1.37836
0.517601566,0,-1.02112,1.46219
0.519602238,0,-1.01806,1.54583
0.521607882,0,-1.01484,1.62952
0.523602838,0,-1.01146,1.71259
0.525604134,0,-1.00791,1.79575
0.527601915,0,-1.0042,1.87857
0.529605249,0,-1.00031,1.96143
0.531603334,0,-0.996268,2.04386
0.533603099,0,-0.992057,2.12615
0.535602401,0,-0.987683,2.20819
0.537603661,0,-0.98314,2.29007
0.539602954,0,-0.978439,2.37162
0.541608328,0,-0.97356,2.45316
0.543603381,0,-0.968545,2.53401
0.545604181,0,-0.963353,2.61481
0.547603301,0,-0.958005,2.69525
0.549610517,0,-0.952474,2.77571
0.551599052,0,-0.946836,2.85511
0.553607761,0,-0.94098,2.93499
0.555608432,0,-0.934989,3.01421
0.557603492,0,-0.928858,3.09285
0.559601546,0,-0.92256,3.17126
0.561602535,0,-0.916097,3.2494
0.563606188,0,-0.909469,3.32726
0.565603309,0,-0.902708,3.40447
0.567605446,0,-0.895776,3.48145
0.569603256,0,-0.888706,3.55785
0.571602314,0,-0.88148,3.63385
0.573603639,0,-0.874093,3.70949
0.575607569,0,-0.866546,3.78476
0.577602164,0,-0.858886,3.8592
0.579617875,0,-0.850993,3.93393
0.581603130,0,-0.843074,4.00702
0.583601223,0,-0.834958,4.08007
0.585599087,0,-0.826698,4.15258
0.587603244,0,-0.818267,4.22476
0.589603616,0,-0.809708,4.29624
0.591601371,0,-0.801019,4.36705
0.593607025,0,-0.792154,4.43754
0.595603191,0,-0.783191,4.50709
0.597603098,0,-0.774074,4.57614
0.599600380,0,-0.764831,4.64446
0.601603070,0,-0.755427,4.71232
0.603602335,0,-0.745905,4.77938
0.605606959,0,-0.736224,4.84593
0.607601714,0,-0.726459,4.91146
0.609603100,0,-0.716532,4.97648
0.611602302,0,-0.706486,5.0407
0.613607771,0,-0.696281,5.10437
0.615605707,0,-0.685989,5.16703
0.617602608,0,-0.675578,5.22888
0.619602466,0,-0.665029,5.29002
0.621602773,0,-0.654356,5.35036
0.623601272,0,-0.643574,5.40982
0.625603277,0,-0.632655,5.46853
0.627601828,0,-0.621639,5.52627
0.629610353,0,-0.610453,5.58343
0.631601406,0,-0.599253,5.63919
0.633601584,0,-0.587891,5.69429
0.635601404,0,-0.576422,5.74846
0.637601916,0,-0.564842,5.8017
0.639598573,0,-0.553179,5.85389
0.641601651,0,-0.541376,5.90526
0.643598336,0,-0.52951,5.95548
0.645601117,0,-0.517508,6.00485
0.647590079,0,-0.505493,6.05286
0.649601511,0,-0.493246,6.10037
0.651599036,0,-0.480991,6.14649
0.653597185,0,-0.468642,6.19157
0.655597719,0,-0.456189,6.23562
0.657601770,0,-0.443628,6.27865
0.659602973,0,-0.431,6.3205
0.661597498,0,-0.418333,6.36109
0.663597445,0,-0.405552,6.40065
0.665600932,0,-0.39267,6.43913
0.667598567,0,-0.379751,6.47634
0.669600665,0,-0.366731,6.51244
0.671598432,0,-0.353668,6.54728
0.673604403,0,-0.340483,6.58105
0.675597977,0,-0.327315,6.6134
0.677597482,0,-0.314044,6.64463
0.679597521,0,-0.30071,6.67462
0.681604537,0,-0.28727,6.70346
0.683597629,0,-0.273868,6.73085
0.685600760,0,-0.260346,6.7571
0.687597341,0,-0.246817,6.78199
0.689600805,0,-0.233194,6.80568
0.691598209,0,-0.219567,6.82799
0.693597478,0,-0.205884,6.84902
0.695597650,0,-0.192155,6.86875
0.697600865,0,-0.178368,6.88718
0.699597906,0,-0.164588,6.90423
0.701600490,0,-0.150738,6.91999
0.703597810,0,-0.136895,6.93437
0.705600813,0,-0.122985,6.94744
0.707597906,0,-0.109093,6.95911
0.709597010,0,-0.0951653,6.96945
0.711597426,0,-0.0812099,6.97843
0.713605052,0,-0.0671881,6.98608
0.715597900,0,-0.0532564,6.9923
0.717599946,0,-0.03925,6.99719
0.719597784,0,-0.0252653,7.00069
0.721601439,0,-0.011235,7.00283
0.723597237,0,0.00274255,7.00358
0.725600759,0,0.0167736,7.00297
0.727602380,0,0.0307881,7.00098
0.729600534,0,0.0447723,6.99762
0.731598127,0,0.0587438,6.99289
0.733600074,0,0.0727342,6.98679
0.735597927,0,0.0866818,6.97932
0.737600137,0,0.100643,6.97048
0.739597561,0,0.114551,6.9603
0.741600717,0,0.128476,6.94873
0.743597492,0,0.142332,6.93584
0.745599762,0,0.156198,6.92157
0.747597638,0,0.170003,6.906
0.749600366,0,0.183809,6.88904
0.751598105,0,0.197544,6.8708
0.753600169,0,0.211271,6.8512
0.755597312,0,0.224922,6.83033
0.757600650,0,0.238573,6.80809
0.759597811,0,0.252135,6.78461
0.761596256,0,0.265656,6.75984
0.763596561,0,0.279139,6.73376
0.765599923,0,0.292588,6.70637
0.767597136,0,0.30594,6.6778
0.769603076,0,0.31929,6.64785
0.771596919,0,0.332499,6.61685
0.773599790,0,0.345703,6.58447
0.775597432,0,0.358806,6.55097
0.777603193,0,0.371894,6.51612
0.779597395,0,0.384835,6.48028
0.781596358,0,0.397733,6.44318
0.783596359,0,0.410562,6.40489
0.785599688,0,0.423334,6.36539
0.787597503,0,0.43599,6.32485
0.789599945,0,0.448593,6.28309
0.791596804,0,0.461075,6.24033
0.793599843,0,0.473509,6.19635
0.795596990,0,0.485817,6.15141
0.797599787,0,0.498068,6.10527
0.799596906,0,0.51019,6.05821
0.801599671,0,0.522251,6.00998
0.803596889,0,0.534181,5.96086
0.805599877,0,0.546045,5.91059
0.807599522,0,0.557787,5.85941
0.809596272,0,0.569409,5.80733
0.811596036,0,0.580943,5.75421
0.813599157,0,0.592388,5.70005
0.815596520,0,0.603691,5.64512
0.817599335,0,0.614913,5.58912
0.819597266,0,0.625995,5.53237
0.821599344,0,0.636985,5.47461
0.823597020,0,0.647834,5.41612
0.825595604,0,0.658569,5.35675
0.827596119,0,0.669195,5.29649
0.829600215,0,0.679718,5.23531
0.831602904,0,0.69011,5.17336
0.833599450,0,0.700345,5.11083
0.835597092,0,0.71046,5.04749
0.837598944,0,0.720468,4.98326
0.839595962,0,0.730322,4.91846
0.841599270,0,0.740077,4.85273
0.843597159,0,0.749673,4.78647
0.845598672,0,0.759153,4.7194
0.847596096,0,0.768478,4.6518
0.849598948,0,0.777692,4.58336
0.851597170,0,0.786747,4.51443
0.853599381,0,0.795682,4.44474
0.855595968,0,0.804451,4.37463
0.857599082,0,0.813108,4.3037
0.859596295,0,0.821596,4.23239
0.861598350,0,0.829962,4.16034
0.863598769,0,0.838175,4.0878
0.865595225,0,0.846227,4.01487
0.867596084,0,0.85415,3.94126
0.869598593,0,0.861931,3.86707
0.871595957,0,0.869543,3.79258
0.873599392,0,0.877029,3.71738
0.875595992,0,0.884338,3.64197
0.877599335,0,0.89152,3.56585
0.879595967,0,0.898525,3.48954
0.881598365,0,0.905397,3.41259
0.883595838,0,0.912098,3.33542
0.885598317,0,0.91866,3.25764
0.887595741,0,0.92505,3.17968
0.889595121,0,0.93129,3.10127
0.891595531,0,0.937376,3.02245
0.893598730,0,0.943311,2.94316
0.895595891,0,0.94907,2.86378
0.897594937,0,0.954676,2.78399
0.899595228,0,0.960124,2.70384
0.901599316,0,0.965422,2.62323
0.903595480,0,0.970538,2.54265
0.905598054,0,0.975508,2.46153
0.907595736,0,0.980303,2.38033
0.909601933,0,0.984956,2.29852
0.911596009,0,0.989417,2.21696
0.913595228,0,0.993727,2.13495
0.915594882,0,0.997872,2.0527
0.917598444,0,1.00186,1.97006
0.919595315,0,1.00567,1.88749
0.921594789,0,1.00932,1.80462
0.923594907,0,1.01281,1.72153
0.925601969,0,1.01614,1.63797
0.927598534,0,1.01928,1.55468
0.929594632,0,1.02226,1.47125
0.931595371,0,1.02508,1.38748
0.933597789,0,1.02773,1.30349
0.935594989,0,1.03021,1.21959
0.937598777,0,1.03252,1.13529
0.939595476,0,1.03466,1.05117
0.941602407,0,1.03665,0.966518
0.943595337,0,1.03845,0.882359
0.945594817,0,1.04009,0.797836
0.947594836,0,1.04155,0.71321
0.949598064,0,1.04286,0.628378
0.951598270,0,1.04398,0.543611
0.953597526,0,1.04494,0.458831
0.955595284,0,1.04573,0.37407
0.957594822,0,1.04635,0.289196
0.959597602,0,1.04681,0.204156
0.961594183,0,1.04709,0.11936
0.963594210,0,1.0472,0.034405
0.965597780,0,1.04714,-0.0507035
0.967594563,0,1.04691,-0.135519
0.969594280,0,1.04651,-0.220445
0.971594702,0,1.04594,-0.30538
0.973601279,0,1.0452,-0.390546
0.975595013,0,1.0443,-0.475129
0.977596188,0,1.04322,-0.559981
0.979594798,0,1.04197,-0.644668
0.981600778,0,1.04055,-0.729604
0.983594534,0,1.03897,-0.81395
0.985597643,0,1.03721,-0.898611
0.987599425,0,1.03529,-0.983126
0.989594508,0,1.0332,-1.06726
0.991594839,0,1.03094,-1.15151
0.993594293,0,1.02851,-1.2356
0.995594587,0,1.02591,-1.31961
0.997597697,0,1.02314,-1.4036
0.999594860,0,1.02022,-1.4872
1.001593928,0,1.01712,-1.57072
1.003593926,0,1.01385,-1.65412
1.005597049,0,1.01041,-1.73748
1.007595032,0,1.00682,-1.82045
1.009594537,0,1.00305,-1.90329
1.011593875,0,0.999123,-1.98592
1.013596476,0,0.995022,-2.06847
1.015593941,0,0.990767,-2.1506
1.017601480,0,0.986326,-2.2329
1.019594068,0,0.981755,-2.31435
1.021597860,0,0.976995,-2.39601
1.023594386,0,0.972089,-2.47711
1.025596948,0,0.967007,-2.55818
1.027594093,0,0.961777,-2.63875
1.029596892,0,0.956371,-2.71925
1.031594529,0,0.950819,-2.79923
1.033596122,0,0.945096,-2.87906
1.035594067,0,0.939225,-2.95841
1.037600657,0,0.93317,-3.03776
1.039594328,0,0.926996,-3.11624
1.041601450,0,0.920623,-3.19489
1.043594269,0,0.91414,-3.2726
1.045596685,0,0.90747,-3.35029
1.047594471,0,0.900661,-3.4274
1.049593183,0,0.893696,-3.50413
1.051593573,0,0.886571,-3.5805
1.053592967,0,0.879299,-3.65638
1.055593253,0,0.871872,-3.73184
1.057600460,0,0.864268,-3.80709
1.059594355,0,0.856566,-3.88136
1.061596825,0,0.848682,-3.95545
1.063598192,0,0.840655,-4.02898
1.065597325,0,0.832491,-4.10191
1.067594203,0,0.824192,-4.17422
1.069593211,0,0.81574,-4.24604
1.071593158,0,0.807141,-4.31734
1.073600413,0,0.798368,-4.38831
1.075594023,0,0.789515,-4.45819
1.077593307,0,0.780497,-4.52766
1.079593155,0,0.771339,-4.59652
1.081596682,0,0.762027,-4.66487
1.083595166,0,0.752603,-4.73238
1.085597411,0,0.743027,-4.79933
1.087594168,0,0.733345,-4.86542
1.089596718,0,0.723503,-4.93099
1.091593760,0,0.713559,-4.99565
1.093596660,0,0.703457,-5.05977
1.095588380,0,0.693285,-5.12277
1.097595933,0,0.682906,-5.18551
1.099594090,0,0.672452,-5.24716
1.101592909,0,0.661873,-5.30802
1.103592706,0,0.651168,-5.3681
1.105600092,0,0.640302,-5.42757
1.107595803,0,0.629383,-5.48584
1.109598146,0,0.618312,-5.54343
1.111597754,0,0.607142,-5.60006
1.113596455,0,0.595865,-5.65577
1.115596913,0,0.584469,-5.71061
1.117595954,0,0.572972,-5.76447
1.119595651,0,0.561366,-5.81741
1.121595819,0,0.549652,-5.86939
1.123594990,0,0.537841,-5.92037
1.125592347,0,0.525941,-5.97031
1.127605178,0,0.513849,-6.01962
1.129600532,0,0.501766,-6.06747
1.131596832,0,0.489583,-6.11431
1.133600892,0,0.47726,-6.16027
1.135600895,0,0.464872,-6.20506
1.137596747,0,0.452422,-6.24868
1.139601034,0,0.439834,-6.29138
1.141596618,0,0.427217,-6.33278
1.143597338,0,0.414486,-6.37316
1.145596422,0,0.401686,-6.41236
1.147585922,0,0.388872,-6.45022
1.149597105,0,0.375843,-6.48733
1.151601733,0,0.362784,-6.52313
1.153597152,0,0.349716,-6.55756
1.155600306,0,0.33653,-6.59092
1.157596238,0,0.323327,-6.62295
1.159597596,0,0.310025,-6.65383
1.161596540,0,0.29668,-6.68344
1.163596574,0,0.28327,-6.7118
1.165596962,0,0.269803,-6.73891
1.167600751,0,0.25626,-6.76479
1.169600929,0,0.242692,-6.78934
1.171595861,0,0.229113,-6.81253
1.173595965,0,0.215454,-6.83449
1.175596463,0,0.201751,-6.85514
1.177597004,0,0.188007,-6.87448
1.179597844,0,0.174225,-6.89249
1.181596604,0,0.160424,-6.90915
1.183596140,0,0.146585,-6.92449
1.185596488,0,0.132713,-6.93848
1.187595948,0,0.11882,-6.95112
1.189596580,0,0.104896,-6.96242
1.191596452,0,0.0909573,-6.97235
1.193597042,0,0.0769953,-6.98093
1.195595802,0,0.0630311,-6.98813
1.197600712,0,0.0490116,-6.99398
1.199596005,0,0.0350496,-6.99844
1.201596753,0,0.0210427,-7.00154
1.203603990,0,0.00698613,-7.00326
1.205599600,0,-0.00699036,-7.00361
1.207596212,0,-0.0209725,-7.00258
1.209596279,0,-0.0349747,-7.00018
1.211595186,0,-0.048962,-6.99641
1.213599962,0,-0.0629806,-6.99126
1.215595213,0,-0.0769204,-6.98476
1.217595945,0,-0.0908834,-6.97688
1.219596151,0,-0.104825,-6.96764
1.221596563,0,-0.118747,-6.95703
1.223596610,0,-0.132644,-6.94507
1.225596113,0,-0.146511,-6.93177
1.227595755,0,-0.16035,-6.91712
1.229599831,0,-0.174189,-6.90109
1.231595428,0,-0.187935,-6.88379
1.233596356,0,-0.201681,-6.86513
1.235595537,0,-0.215375,-6.84516
1.237595211,0,-0.229032,-6.82387
1.239596075,0,-0.242652,-6.80127
1.241596403,0,-0.256221,-6.77737
1.243596121,0,-0.269736,-6.75219
1.245595823,0,-0.283199,-6.72574
1.247595120,0,-0.296604,-6.69802
1.249596176,0,-0.309964,-6.66902
1.251595305,0,-0.323251,-6.63881
1.253595261,0,-0.336481,-6.60734
1.255595649,0,-0.349649,-6.57464
1.257595669,0,-0.362748,-6.54074
1.259603025,0,-0.375824,-6.5055
1.261594751,0,-0.388728,-6.46935
1.263595887,0,-0.401617,-6.43185
1.265595299,0,-0.414419,-6.39323
1.267596150,0,-0.427152,-6.35343
1.269595946,0,-0.439796,-6.31251
1.271600569,0,-0.452387,-6.27037
1.273595450,0,-0.464831,-6.22733
1.275603031,0,-0.477266,-6.18291
1.277594976,0,-0.489515,-6.13777
1.279595400,0,-0.501723,-6.09137
1.281595682,0,-0.513836,-6.04392
1.283604196,0,-0.525902,-5.99524
1.285595095,0,-0.537765,-5.94597
1.287595287,0,-0.549582,-5.89547
1.289595833,0,-0.561299,-5.84397
1.291602883,0,-0.572949,-5.79133
1.293600043,0,-0.584435,-5.73799
1.295595151,0,-0.595802,-5.68377
1.297595233,0,-0.607087,-5.62849
1.299595015,0,-0.618258,-5.5723
1.301594237,0,-0.629313,-5.51525
1.303599052,0,-0.640283,-5.45715
1.305598556,0,-0.651106,-5.39835
1.307599394,0,-0.661818,-5.33866
1.309594982,0,-0.672381,-5.2783
1.311601911,0,-0.682881,-5.21679
1.313595128,0,-0.693187,-5.1549
1.315599120,0,-0.703423,-5.0919
1.317595281,0,-0.713492,-5.02838
1.319594001,0,-0.723445,-4.96403
1.321594948,0,-0.73328,-4.89888
1.323594804,0,-0.742978,-4.83305
1.325594315,0,-0.752542,-4.76653
1.327597260,0,-0.761988,-4.69922
1.329594471,0,-0.771272,-4.63142
1.331594248,0,-0.780431,-4.56289
1.333599223,0,-0.789475,-4.49354
1.335594243,0,-0.798335,-4.42391
1.337598577,0,-0.807096,-4.35335
1.339594243,0,-0.815678,-4.2825
1.341598014,0,-0.824151,-4.21079
1.343593513,0,-0.832446,-4.13881
1.345594334,0,-0.840617,-4.0661
1.347594485,0,-0.84864,-3.99287
1.349599360,0,-0.856534,-3.91895
1.351594006,0,-0.86424,-3.8449
1.353594665,0,-0.87182,-3.77014
1.355596345,0,-0.879253,-3.69487
1.357594730,0,-0.886524,-3.61925
1.359593907,0,-0.893645,-3.54316
1.361594666,0,-0.900619,-3.46657
1.363598264,0,-0.907448,-3.38944
1.365594144,0,-0.914097,-3.31221
1.367594185,0,-0.920605,-3.23441
1.369598543,0,-0.92697,-3.15606
1.371594635,0,-0.933152,-3.07767
1.373593804,0,-0.939187,-2.99879
1.375595070,0,-0.945069,-2.91948
1.377597655,0,-0.950795,-2.83978
1.379593883,0,-0.956345,-2.76001
1.381594601,0,-0.961746,-2.67975
1.383593627,0,-0.966982,-2.59925
1.385597902,0,-0.97207,-2.51826
1.387592851,0,-0.976972,-2.43736
1.389598804,0,-0.981738,-2.35574
1.391594612,0,-0.986318,-2.27429
1.393594451,0,-0.990743,-2.19242
1.395593971,0,-0.995003,-2.11033
1.397594379,0,-0.999101,-2.02797
1.399593172,0,-1.00303,-1.94547
1.401594366,0,-1.0068,-1.86266
1.403592604,0,-1.0104,-1.77978
1.405594348,0,-1.01383,-1.69657
1.407593604,0,-1.0171,-1.61328
1.409594197,0,-1.0202,-1.52977
1.411597721,0,-1.02314,-1.44599
1.413594170,0,-1.0259,-1.36235
1.415594442,0,-1.0285,-1.27841
1.417593791,0,-1.03093,-1.19438
1.419593881,0,-1.03319,-1.1102
1.421594008,0,-1.03529,-1.02591
1.423593440,0,-1.03721,-0.941539
1.425593804,0,-1.03897,-0.857038
1.427584092,0,-1.04055,-0.772879
1.429594169,0,-1.04197,-0.687805
1.431596345,0,-1.04322,-0.602997
1.433598448,0,-1.0443,-0.518133
1.435593382,0,-1.04521,-0.433521
1.437597473,0,-1.04595,-0.348479
1.439594379,0,-1.04652,-0.263707
1.441593732,0,-1.04692,-0.178805
1.443595891,0,-1.04715,-0.0937668
1.445593562,0,-1.04721,-0.00890989
1.447597490,0,-1.0471,0.0762137
1.449593899,0,-1.04682,0.16101
1.451592963,0,-1.04637,0.245904
1.453597434,0,-1.04575,0.331003
1.455591006,0,-1.04496,0.415607
1.457593533,0,-1.044,0.500551
1.459592929,0,-1.04287,0.585311
1.461596088,0,-1.04157,0.670174
1.463593688,0,-1.04011,0.754735
1.465593411,0,-1.03847,0.839311
1.467597028,0,-1.03666,0.923967
1.469593300,0,-1.03469,1.00822
1.471593973,0,-1.03255,1.09256
1.473593830,0,-1.03024,1.17676
1.475596617,0,-1.02775,1.26096
1.477593051,0,-1.02511,1.34476
1.479597359,0,-1.02229,1.42876
1.481594106,0,-1.01931,1.51229
1.483596895,0,-1.01616,1.59593
1.485593460,0,-1.01284,1.67914
1.487592559,0,-1.00936,1.76228
1.489592905,0,-1.00571,1.84528
1.491595681,0,-1.00189,1.9282
1.493596331,0,-0.997909,2.01082
1.495589619,0,-0.993778,2.09293
1.497592928,0,-0.989462,2.17522
1.499593298,0,-0.984987,2.25717
1.501592932,0,-0.980351,2.33883
1.503592773,0,-0.975551,2.42025
1.505593009,0,-0.970588,2.50142
1.507598072,0,-0.96545,2.58251
1.509593657,0,-0.960176,2.66293
1.511592654,0,-0.954732,2.74318
1.513592702,0,-0.949125,2.82317
1.515592755,0,-0.943359,2.90284
1.517593121,0,-0.937433,2.98218
1.519593075,0,-0.93135,3.06117
1.521592301,0,-0.925112,3.13976
1.523592946,0,-0.918713,3.21805
1.525593158,0,-0.912159,3.29593
1.527597702,0,-0.905435,3.37359
1.529592851,0,-0.898589,3.45047
1.531592464,0,-0.891574,3.52711
1.533588936,0,-0.884418,3.60319
1.535588649,0,-0.877099,3.67895
1.537592705,0,-0.869612,3.75442
1.539591258,0,-0.861997,3.8292
1.541593299,0,-0.854219,3.90362
1.543593064,0,-0.846301,3.97746
1.545592177,0,-0.83824,4.05076
1.547592103,0,-0.830029,4.12356
1.549591845,0,-0.821674,4.1958
1.551591903,0,-0.813174,4.2675
1.553592399,0,-0.80453,4.33864
1.555592347,0,-0.795747,4.40917
1.557602597,0,-0.786777,4.47946
1.559591265,0,-0.777766,4.54838
1.561592334,0,-0.768561,4.61709
1.563592666,0,-0.759223,4.68513
1.565591952,0,-0.749755,4.75246
1.567591076,0,-0.740154,4.81911
1.569592289,0,-0.73041,4.88514
1.571592217,0,-0.720542,4.9504
1.573591947,0,-0.710546,5.01494
1.575590771,0,-0.700426,5.0787
1.577592038,0,-0.690167,5.14178
1.579591263,0,-0.679794,5.20402
1.581592168,0,-0.669289,5.26551
1.583591603,0,-0.658669,5.32616
1.585592490,0,-0.647922,5.38602
1.587591723,0,-0.637065,5.44499
1.589591723,0,-0.626088,5.50313
1.591592028,0,-0.614994,5.56041
1.593592200,0,-0.603787,5.61679
1.595592064,0,-0.592471,5.67225
1.597591985,0,-0.581044,5.7268
1.599591700,0,-0.569512,5.78041
1.601591909,0,-0.557871,5.83307
1.603590639,0,-0.546134,5.88473
1.605592578,0,-0.534277,5.93548
1.607592378,0,-0.522332,5.98518
1.609597342,0,-0.510258,6.03399
1.611592018,0,-0.498151,6.08151
1.613591110,0,-0.485924,6.1281
1.615591466,0,-0.473597,6.17366
1.617590896,0,-0.461186,6.21812
1.619591168,0,-0.448683,6.2615
1.621590893,0,-0.436098,6.30377
1.623590804,0,-0.423429,6.34493
1.625590227,0,-0.410683,6.38494
1.627590786,0,-0.397851,6.42383
1.629590409,0,-0.384949,6.46154
1.631591770,0,-0.371962,6.4981
1.633590234,0,-0.358923,6.53343
1.635590533,0,-0.345803,6.5676
1.637590022,0,-0.332621,6.60053
1.639590504,0,-0.319369,6.63227
1.641590283,0,-0.30606,6.66275
1.643591469,0,-0.292683,6.69202
1.645589822,0,-0.279268,6.71998
1.647583629,0,-0.265829,6.74662
1.649590447,0,-0.252252,6.77216
1.651590415,0,-0.238671,6.79632
1.653590329,0,-0.225045,6.81919
1.655583535,0,-0.21142,6.84068
1.657590204,0,-0.197662,6.86101
1.659590466,0,-0.18391,6.87994
1.661589852,0,-0.170128,6.89754
1.663590425,0,-0.156304,6.91382
1.665590314,0,-0.142455,6.92876
1.667590695,0,-0.128574,6.94235
1.669589814,0,-0.114677,6.95459
1.671593402,0,-0.100726,6.96549
1.673586641,0,-0.086828,6.97498
1.675586670,0,-0.0728654,6.98315
1.677598641,0,-0.058805,6.98999
1.679590535,0,-0.0448733,6.9954
1.681591133,0,-0.0308721,6.99946
1.683590872,0,-0.0168707,7.00214
1.685591783,0,-0.0028579,7.00346
1.687590030,0,0.0111368,7.0034
1.689594737,0,0.0251746,7.00196
1.691591216,0,0.0391499,6.99915
1.693591226,0,0.0531422,6.99497
1.695590960,0,0.0671221,6.98942
1.697590856,0,0.08109,6.98251
1.699590139,0,0.0950378,6.97423
1.701590995,0,0.108978,6.96458
1.703591112,0,0.122892,6.95357
1.705591452,0,0.136783,6.94121
1.707589888,0,0.150634,6.92751
1.709591180,0,0.164475,6.91244
1.711591270,0,0.178276,6.89605
1.713590903,0,0.192039,6.87832
1.715593754,0,0.205787,6.85924
1.717594887,0,0.219483,6.83886
1.719590989,0,0.233102,6.81722
1.721590325,0,0.246697,6.79424
1.723590312,0,0.260249,6.76997
1.725590766,0,0.273754,6.7444
1.727590009,0,0.287198,6.71757
1.729589762,0,0.300589,6.68948
1.731589693,0,0.313924,6.66012
1.733590838,0,0.327206,6.6295
1.735595368,0,0.340447,6.5976
1.737590151,0,0.353558,6.56462
1.739590079,0,0.366636,6.53036
1.741591115,0,0.37965,6.49488
1.743590465,0,0.392581,6.45824
1.745590151,0,0.405439,6.42043
1.747589138,0,0.418215,6.38147
1.749590308,0,0.430925,6.34132
1.751579522,0,0.443478,6.30029
1.753590320,0,0.456082,6.25769
1.755581767,0,0.468479,6.2144
1.757590369,0,0.480894,6.16964
1.759590016,0,0.493163,6.12401
1.761590232,0,0.505342,6.0773
1.763588013,0,0.517412,6.0296
1.765598133,0,0.529458,5.98058
1.767590607,0,0.5413,5.93097
1.769590713,0,0.553087,5.88017
1.771590457,0,0.564768,5.8284
1.773590757,0,0.576347,5.77565
1.775589052,0,0.587808,5.722
1.777594508,0,0.599201,5.66722
1.779582585,0,0.610386,5.612
1.781589572,0,0.621564,5.55535
1.783589668,0,0.632589,5.49801
1.785594569,0,0.643524,5.43965
1.787594458,0,0.654314,5.38058
1.789590220,0,0.664963,5.32079
1.791584466,0,0.675483,5.26024
1.793589892,0,0.685939,5.19853
1.795590279,0,0.696245,5.13619
1.797596351,0,0.706453,5.07289
1.799586067,0,0.716452,5.00935
1.801590547,0,0.726396,4.9446
1.803589508,0,0.736182,4.8793
1.805589143,0,0.745839,4.81327
1.807580700,0,0.755326,4.74681
1.809589810,0,0.76476,4.67909
1.811594021,0,0.774036,4.61086
1.813589525,0,0.783134,4.54228
1.815588528,0,0.79211,4.47295
1.817589461,0,0.800955,4.40293
1.819588907,0,0.809652,4.33237
1.821589493,0,0.818212,4.26117
1.823588784,0,0.826624,4.18945
1.825589542,0,0.834898,4.11712
1.827598083,0,0.843057,4.04396
1.829589216,0,0.851,3.97091
1.831588604,0,0.858828,3.89704
1.833589817,0,0.866515,3.8226
1.835589118,0,0.874045,3.74775
1.837589675,0,0.881429,3.67238
1.839588862,0,0.888657,3.5966
1.841589420,0,0.895738,3.52032
1.843589032,0,0.902662,3.44365
1.845589696,0,0.909435,3.36651
1.847589056,0,0.91605,3.28902
1.849589399,0,0.922512,3.2111
1.851588604,0,0.928814,3.13284
1.853589495,0,0.934964,3.05414
1.855588958,0,0.940952,2.97515
1.857589254,0,0.946784,2.89578
1.859588927,0,0.952455,2.8161
1.861589327,0,0.957968,2.73607
1.863584290,0,0.963306,2.65595
1.865589218,0,0.968509,2.57513
1.867588386,0,0.973536,2.49425
1.869589012,0,0.978404,2.41304
1.871587673,0,0.983105,2.33165
1.873589233,0,0.987649,2.24988
1.875588353,0,0.992023,2.16797
1.877588920,0,0.996237,2.08577
1.879588071,0,1.00028,2.0034
1.881589802,0,1.00417,1.92071
1.883585947,0,1.00788,1.83806
1.885589473,0,1.01144,1.7549
1.887590008,0,1.01482,1.67168
1.889592207,0,1.01804,1.58823
1.891588608,0,1.02109,1.50485
1.893589029,0,1.02397,1.42114
1.895592940,0,1.0267,1.33715
1.897588335,0,1.02924,1.25338
1.899587797,0,1.03162,1.16931
1.901588529,0,1.03383,1.08507
1.903588359,0,1.03587,1.00075
1.905589033,0,1.03775,0.916304
1.907588284,0,1.03945,0.831825
1.909588695,0,1.04099,0.747213
1.911588614,0,1.04236,0.662548
1.913587938,0,1.04355,0.577843
1.915585615,0,1.04458,0.493151
1.917588968,0,1.04544,0.408169
1.919579594,0,1.04613,0.323687
1.921588779,0,1.04665,0.238386
1.923588060,0,1.047,0.153481
1.925589248,0,1.04718,0.0684809
1.927587395,0,1.04719,-0.0163971
1.929588026,0,1.04703,-0.101379
1.931587126,0,1.0467,-0.186286
1.933589754,0,1.0462,-0.271324
1.935591675,0,1.04552,-0.356306
1.937587881,0,1.04469,-0.44101
1.939588033,0,1.04368,-0.525838
1.941588584,0,1.0425,-0.610632
1.943587061,0,1.04115,-0.695277
1.945588473,0,1.03963,-0.779977
1.947587816,0,1.03794,-0.864512
1.949588451,0,1.03609,-0.949016
1.951585257,0,1.03407,-1.03326
1.953592146,0,1.03186,-1.11783
1.955587908,0,1.02951,-1.20182
1.957592983,0,1.02697,-1.28608
1.959587454,0,1.02428,-1.36976
1.961591993,0,1.02141,-1.45373
1.963587536,0,1.01838,-1.53716
1.965588350,0,1.01518,-1.62067
1.967580500,0,1.01183,-1.70364
1.969590433,0,1.00828,-1.78718
1.971594631,0,1.00457,-1.87029
1.973588155,0,1.00072,-1.95276
1.975586983,0,0.996691,-2.03525
1.977588748,0,0.992493,-2.11764
1.979577723,0,0.988159,-2.19927
1.981588059,0,0.983614,-2.28155
1.983580341,0,0.978946,-2.36284
1.985592538,0,0.974068,-2.44469
1.987586965,0,0.969071,-2.52554
1.989591331,0,0.963887,-2.60651
1.991583200,0,0.958575,-2.68669
1.993592526,0,0.953055,-2.76727
1.995590817,0,0.947405,-2.8471
1.997588030,0,0.941599,-2.92655
1.999580658,0,0.93565,-3.00549
2.001593810,0,0.929479,-3.08489
2.003580566,0,0.923234,-3.16288
2.005587177,0,0.916769,-3.24129
2.007577168,0,0.910203,-3.31866
2.009590570,0,0.903403,-3.39654
2.011587145,0,0.896506,-3.47335
2.013587683,0,0.889442,-3.5499
2.015587845,0,0.882228,-3.62599
2.017587912,0,0.874862,-3.70163
2.019587178,0,0.867348,-3.77677
2.021591197,0,0.859667,-3.85161
2.023586630,0,0.85187,-3.92564
2.025587819,0,0.843903,-3.99938
2.027587597,0,0.835795,-4.07254
2.029591191,0,0.827526,-4.14531
2.031587332,0,0.819143,-4.21726
2.033587538,0,0.8106,-4.28879
2.035587107,0,0.801918,-4.35973
2.037586554,0,0.793095,-4.43006
2.039586751,0,0.784129,-4.49981
2.041663970,0,0.77467,-4.5716
2.043584026,0,0.765798,-4.63732
2.045586889,0,0.756407,-4.70525
2.047588239,0,0.746889,-4.77246
2.049681462,0,0.73679,-4.84202
2.051583585,0,0.727491,-4.90455
2.053643688,0,0.717283,-4.97155
2.055583219,0,0.70755,-5.03391
2.057587264,0,0.697366,-5.09761
2.059587823,0,0.687073,-5.16044
2.061591644,0,0.676639,-5.22258
2.063577195,0,0.666178,-5.28337
2.065594760,0,0.655426,-5.34432
2.067583249,0,0.644711,-5.40356
2.069590089,0,0.633778,-5.4625
2.071576490,0,0.622841,-5.51999
2.073586992,0,0.611656,-5.57729
2.075586103,0,0.600422,-5.63337
2.077590699,0,0.589046,-5.6887
2.079586445,0,0.577612,-5.74285
2.081587251,0,0.566041,-5.7962
2.083586915,0,0.554372,-5.84856
2.085586691,0,0.542599,-5.89995
2.087588676,0,0.530711,-5.95041
2.089585861,0,0.518753,-5.99974
2.091585491,0,0.506683,-6.04811
2.093585266,0,0.494517,-6.09545
2.095574999,0,0.48232,-6.14151
2.097584478,0,0.46991,-6.18696
2.099575043,0,0.457529,-6.2309
2.101585149,0,0.444939,-6.27417
2.103585414,0,0.432325,-6.31612
2.105584885,0,0.419635,-6.35693
2.107584909,0,0.406862,-6.39661
2.109585179,0,0.394009,-6.43515
2.111584936,0,0.381084,-6.47251
2.113584713,0,0.368086,-6.5087
2.115585065,0,0.355013,-6.54371
2.117584783,0,0.341877,-6.5775
2.119585912,0,0.328665,-6.6101
2.121584153,0,0.31541,-6.64143
2.123584658,0,0.302078,-6.67156
2.125584645,0,0.288692,-6.70043
2.127584719,0,0.275249,-6.72804
2.129584661,0,0.261753,-6.75439
2.131584332,0,0.248209,-6.77945
2.133584503,0,0.234613,-6.80323
2.135584771,0,0.220971,-6.82571
2.137584175,0,0.207292,-6.84688
2.139585628,0,0.193558,-6.86675
2.141586389,0,0.179791,-6.8853
2.143585011,0,0.166004,-6.90249
2.145584335,0,0.15218,-6.91836
2.147584831,0,0.138318,-6.9329
2.149584643,0,0.124433,-6.94609
2.151584800,0,0.110522,-6.95793
2.153584135,0,0.0965951,-6.96841
2.155584814,0,0.0826397,-6.97753
2.157584729,0,0.0686734,-6.98529
2.159585556,0,0.0546873,-6.99168
2.161584437,0,0.0407041,-6.99669
2.163584831,0,0.0267023,-7.00034
2.165584543,0,0.0127,-7.00262
2.167584412,0,-0.0013058,-7.00352
2.169584327,0,-0.0153117,-7.00305
2.171580053,0,-0.0292853,-7.00121
2.173581153,0,-0.0432908,-6.99799
2.175581668,0,-0.0572836,-6.9934
2.177590315,0,-0.0713221,-6.98742
2.179585033,0,-0.0852493,-6.98011
2.181595881,0,-0.0992722,-6.97137
2.183589339,0,-0.113154,-6.96134
2.185585649,0,-0.127035,-6.94995
2.187584780,0,-0.140909,-6.93719
2.189590055,0,-0.154799,-6.92304
2.191589751,0,-0.16862,-6.90759
2.193589981,0,-0.182412,-6.89079
2.195583610,0,-0.196123,-6.87272
2.197586181,0,-0.209857,-6.85326
2.199593866,0,-0.223585,-6.83241
2.201585509,0,-0.23716,-6.81043
2.203584299,0,-0.250737,-6.78707
2.205585541,0,-0.264283,-6.7624
2.207589120,0,-0.277793,-6.73641
2.209589191,0,-0.291226,-6.70919
2.211584844,0,-0.304573,-6.68077
2.213585409,0,-0.317893,-6.65104
2.215584787,0,-0.331145,-6.62008
2.217585430,0,-0.344341,-6.58787
2.219584862,0,-0.357463,-6.55446
2.221585632,0,-0.370525,-6.51982
2.223592451,0,-0.383555,-6.48388
2.225585264,0,-0.396421,-6.44701
2.227580635,0,-0.409229,-6.40893
2.229584318,0,-0.422011,-6.36954
2.231589185,0,-0.43472,-6.32898
2.233584789,0,-0.447288,-6.28748
2.235591920,0,-0.459843,-6.24462
2.237584939,0,-0.472224,-6.20096
2.239589181,0,-0.484584,-6.15598
2.241585302,0,-0.496804,-6.1101
2.243584561,0,-0.508949,-6.0631
2.245584503,0,-0.521003,-6.01505
2.247584075,0,-0.532957,-5.96598
2.249585276,0,-0.544821,-5.91586
2.251592048,0,-0.556615,-5.8646
2.253585176,0,-0.568227,-5.81271
2.255574404,0,-0.579711,-5.75997
2.257584907,0,-0.591209,-5.70571
2.259573957,0,-0.602477,-5.65111
2.261589655,0,-0.613782,-5.59485
2.263592903,0,-0.624905,-5.53803
2.265584428,0,-0.635848,-5.48067
2.267581714,0,-0.646707,-5.42228
2.269584800,0,-0.657479,-5.36287
2.271577954,0,-0.668079,-5.30292
2.273584856,0,-0.678629,-5.24173
2.275584303,0,-0.689017,-5.17997
2.277585981,0,-0.699291,-5.11736
2.279584281,0,-0.709423,-5.05408
2.281584862,0,-0.719437,-4.98997
2.283585146,0,-0.729321,-4.92514
2.285584468,0,-0.73907,-4.85961
2.287584012,0,-0.748688,-4.79337
2.289584704,0,-0.758177,-4.7264
2.291592299,0,-0.767563,-4.65853
2.293584458,0,-0.776742,-4.59052
2.295581613,0,-0.785807,-4.52169
2.297584857,0,-0.79476,-4.45203
2.299584803,0,-0.803559,-4.38187
2.301584504,0,-0.812215,-4.31112
2.303584295,0,-0.820729,-4.23978
2.305584782,0,-0.829102,-4.16785
2.307584986,0,-0.83733,-4.09537
2.309584077,0,-0.845408,-4.0224
2.311583932,0,-0.853341,-3.94887
2.313584259,0,-0.861129,-3.87482
2.315583227,0,-0.868763,-3.80032
2.317584130,0,-0.876254,-3.72527
2.319572623,0,-0.88355,-3.65021
2.321584239,0,-0.890777,-3.57383
2.323591359,0,-0.897835,-3.49717
2.325584415,0,-0.90469,-3.42062
2.327588489,0,-0.911429,-3.34323
2.329583884,0,-0.917984,-3.26577
2.331586784,0,-0.924408,-3.18764
2.333584521,0,-0.930658,-3.10932
2.335581148,0,-0.936748,-3.03069
2.337584065,0,-0.942699,-2.95146
2.339583717,0,-0.948482,-2.87201
2.341583744,0,-0.954106,-2.79222
2.343582627,0,-0.959567,-2.71216
2.345583477,0,-0.964873,-2.63171
2.347583511,0,-0.970015,-2.551
2.349584010,0,-0.974997,-2.46999
2.351583185,0,-0.979813,-2.38876
2.353583722,0,-0.984469,-2.30721
2.355584778,0,-0.988963,-2.22539
2.357584169,0,-0.993289,-2.1434
2.359590565,0,-0.997465,-2.06089
2.361583542,0,-1.00145,-1.97871
2.363587850,0,-1.00529,-1.89586
2.365584042,0,-1.00895,-1.81314
2.367575245,0,-1.01244,-1.73044
2.369583947,0,-1.01579,-1.64684
2.371582745,0,-1.01895,-1.56347
2.373583007,0,-1.02196,-1.47988
2.375574957,0,-1.02478,-1.39649
2.377583262,0,-1.02746,-1.31227
2.379582980,0,-1.02995,-1.22828
2.381583691,0,-1.03228,-1.14412
2.383586536,0,-1.03445,-1.05976
2.385583761,0,-1.03644,-0.975525
2.387584196,0,-1.03826,-0.891059
2.389583454,0,-1.03992,-0.806554
2.391587486,0,-1.04141,-0.721767
2.393583579,0,-1.04272,-0.637244
2.395586807,0,-1.04387,-0.552356
2.397583489,0,-1.04485,-0.467691
2.399582347,0,-1.04565,-0.382888
2.401585022,0,-1.04629,-0.297885
2.403583699,0,-1.04676,-0.213022
2.405587728,0,-1.04706,-0.127911
2.407582425,0,-1.04719,-0.0431844
2.409583452,0,-1.04715,0.0418157
2.411585681,0,-1.04693,0.126863
2.413587940,0,-1.04655,0.211899
2.415575371,0,-1.046,0.296284
2.417583335,0,-1.04528,0.381512
2.419582552,0,-1.04439,0.466332
2.421583010,0,-1.04333,0.551158
2.423591360,0,-1.0421,0.636263
2.425583515,0,-1.0407,0.72062
2.427581978,0,-1.03913,0.805173
2.429582569,0,-1.0374,0.889736
2.431585433,0,-1.03549,0.974306
2.433583442,0,-1.03341,1.05857
2.435584077,0,-1.03117,1.14285
2.437583250,0,-1.02876,1.22694
2.439582899,0,-1.02618,1.31093
2.441583044,0,-1.02343,1.39481
2.443582745,0,-1.02051,1.47853
2.445582772,0,-1.01743,1.56211
2.447581621,0,-1.01418,1.64548
2.449583150,0,-1.01077,1.72879
2.451590328,0,-1.00717,1.81216
2.453582656,0,-1.00344,1.89472
2.455583739,0,-0.99952,1.97744
2.457583002,0,-0.995443,2.05988
2.459588761,0,-0.991187,2.14237
2.461582882,0,-0.986792,2.22415
2.463574942,0,-0.982239,2.3056
2.465582755,0,-0.977487,2.38745
2.467581781,0,-0.972592,2.46868
2.469583233,0,-0.967529,2.54973
2.471572062,0,-0.962338,2.62999
2.473582631,0,-0.956928,2.71084
2.475582596,0,-0.951386,2.79095
2.477582827,0,-0.945683,2.87075
2.479581052,0,-0.939828,2.95015
2.481582659,0,-0.933804,3.02934
2.483582051,0,-0.927628,3.10809
2.485582481,0,-0.921293,3.18651
2.487582044,0,-0.914804,3.26452
2.489581708,0,-0.908159,3.34215
2.491582059,0,-0.901358,3.4194
2.493582316,0,-0.894402,3.49623
2.495581625,0,-0.887298,3.5726
2.497582468,0,-0.880035,3.64858
2.499581569,0,-0.872628,3.72405
2.501581549,0,-0.865067,3.79907
2.503589206,0,-0.857327,3.87391
2.505582324,0,-0.849495,3.9477
2.507577192,0,-0.84151,4.02105
2.509581868,0,-0.833339,4.09424
2.511585851,0,-0.825024,4.16686
2.513582160,0,-0.816598,4.23864
2.515581023,0,-0.808019,4.30996
2.517582236,0,-0.799287,4.38077
2.519571098,0,-0.79047,4.45056
2.521582224,0,-0.781413,4.52051
2.523587103,0,-0.772246,4.58961
2.525581966,0,-0.762988,4.65772
2.527589368,0,-0.753536,4.7256
2.529582091,0,-0.744019,4.79231
2.531576151,0,-0.734363,4.85838
2.533584472,0,-0.724507,4.92421
2.535580847,0,-0.714579,4.98893
2.537582649,0,-0.704496,5.05308
2.539586476,0,-0.694275,5.11655
2.541581701,0,-0.683972,5.17897
2.543581492,0,-0.673522,5.24076
2.545581488,0,-0.662949,5.30175
2.547580704,0,-0.652259,5.36189
2.549581842,0,-0.64144,5.42126
2.551582260,0,-0.630507,5.47976
2.553581520,0,-0.619465,5.53735
2.555571966,0,-0.608358,5.59382
2.557585596,0,-0.597009,5.65004
2.559588096,0,-0.585612,5.70503
2.561581746,0,-0.574158,5.75884
2.563585624,0,-0.562538,5.81199
2.565581560,0,-0.550859,5.86396
2.567580869,0,-0.539059,5.91505
2.569581283,0,-0.527151,5.96516
2.571580544,0,-0.515151,6.01425
2.573571969,0,-0.503102,6.06211
2.575578125,0,-0.49087,6.10929
2.577576001,0,-0.478595,6.15522
2.579576363,0,-0.466215,6.20014
2.581575918,0,-0.453751,6.24395
2.583578372,0,-0.441184,6.28673
2.585575706,0,-0.428565,6.32828
2.587575985,0,-0.415845,6.36877
2.589575760,0,-0.40305,6.40811
2.591575881,0,-0.390176,6.4463
2.593575607,0,-0.377229,6.48331
2.595575905,0,-0.364207,6.51916
2.597575563,0,-0.351119,6.5538
2.599575845,0,-0.337959,6.58724
2.601575507,0,-0.324738,6.61945
2.603575843,0,-0.31145,6.65045
2.605575542,0,-0.298107,6.6802
2.607561748,0,-0.284796,6.7085
2.609575517,0,-0.271245,6.73593
2.611575877,0,-0.257732,6.7619
2.613575460,0,-0.244174,6.78658
2.615575622,0,-0.230564,6.80997
2.617575041,0,-0.216915,6.83206
2.619575454,0,-0.203217,6.85285
2.621575377,0,-0.189482,6.87232
2.623575548,0,-0.175709,6.89046
2.625575280,0,-0.161904,6.90727
2.627575706,0,-0.148063,6.92276
2.629575372,0,-0.134199,6.93689
2.631575423,0,-0.120305,6.94968
2.633575103,0,-0.106391,6.96111
2.635575625,0,-0.0924498,6.97119
2.637574987,0,-0.0784987,6.9799
2.639575201,0,-0.0645262,6.98726
2.641590558,0,-0.0504351,6.99328
2.643575487,0,-0.0365469,6.99785
2.645574917,0,-0.0225502,7.00109
2.647575515,0,-0.00854082,7.00296
2.649592750,0,0.00558673,7.00346
2.651575567,0,0.0194722,7.00258
2.653575285,0,0.0334721,7.00032
2.655575517,0,0.0474691,6.9967
2.657574908,0,0.061451,6.9917
2.659575182,0,0.0754269,6.98533
2.661574796,0,0.0893834,6.9776
2.663575790,0,0.103332,6.9685
2.665574531,0,0.117245,6.95805
2.667574913,0,0.131146,6.94623
2.669574659,0,0.145017,6.93307
2.671575013,0,0.158864,6.91855
2.673574757,0,0.172676,6.9027
2.675575481,0,0.186461,6.88551
2.677574623,0,0.200198,6.867
2.679575060,0,0.213906,6.84716
2.681574827,0,0.227567,6.82601
2.683574857,0,0.241185,6.80355
2.685574679,0,0.254756,6.7798
2.687560714,0,0.268184,6.75493
2.689574688,0,0.281748,6.72843
2.691574540,0,0.295163,6.70084
2.693574395,0,0.30852,6.67199
2.695574801,0,0.321822,6.64189
2.697574543,0,0.335057,6.61056
2.699580976,0,0.348272,6.57789
2.701574418,0,0.361334,6.54422
2.703574426,0,0.374371,6.50924
2.705574290,0,0.387334,6.47307
2.707574301,0,0.400224,6.43572
2.709574353,0,0.413039,6.39721
2.711580409,0,0.425812,6.35743
2.713574315,0,0.438427,6.31675
2.715574589,0,0.451,6.27482
2.717574313,0,0.463483,6.23179
2.719574717,0,0.475883,6.18765
2.721575930,0,0.488198,6.14241
2.723581450,0,0.500448,6.09601
2.725574071,0,0.512524,6.04885
2.727574591,0,0.524553,6.00048
2.729574231,0,0.536478,5.9511
2.731574782,0,0.548307,5.9007
2.733574037,0,0.560028,5.84934
2.735574296,0,0.571649,5.79698
2.737574103,0,0.583162,5.74367
2.739573902,0,0.594567,5.68942
2.741573902,0,0.605864,5.63424
2.743580751,0,0.617086,5.57796
2.745573932,0,0.628119,5.52117
2.747574280,0,0.639077,5.46329
2.749574083,0,0.649914,5.40457
2.751574195,0,0.660635,5.345
2.753573800,0,0.671232,5.28461
2.755574377,0,0.681713,5.22338
2.757573682,0,0.692063,5.16138
2.759575084,0,0.702299,5.09855
2.761573686,0,0.712393,5.03503
2.763574268,0,0.72237,4.9707
2.765573749,0,0.732211,4.90568
2.767574750,0,0.741929,4.83989
2.769573878,0,0.751505,4.77346
2.771574252,0,0.760953,4.7063
2.773573730,0,0.770262,4.6385
2.775574097,0,0.779438,4.57002
2.777573635,0,0.788472,4.50092
2.779573603,0,0.797369,4.43119
2.781573675,0,0.806127,4.36084
2.783574098,0,0.814744,4.28989
2.785573479,0,0.823214,4.2184
2.787573970,0,0.831544,4.1463
2.789560327,0,0.839673,4.07417
2.791573833,0,0.847765,4.00051
2.793573414,0,0.855654,3.92685
2.795573843,0,0.863398,3.85264
2.797573209,0,0.870989,3.77798
2.799576401,0,0.878444,3.7027
2.801573364,0,0.885725,3.62719
2.803573954,0,0.892868,3.55109
2.805573263,0,0.899853,3.4746
2.807574218,0,0.90669,3.39762
2.809573243,0,0.913366,3.32031
2.811574094,0,0.919893,3.24252
2.813573292,0,0.926258,3.16442
2.815573921,0,0.932471,3.08588
2.817573021,0,0.938522,3.00705
2.819573784,0,0.944419,2.92779
2.821572992,0,0.950153,2.84827
2.823575613,0,0.955737,2.76828
2.825573169,0,0.961147,2.68818
2.827573543,0,0.966404,2.60766
2.829572985,0,0.971497,2.52689
2.831573495,0,0.97643,2.44579
2.833572645,0,0.981198,2.36449
2.835573081,0,0.985805,2.28287
2.837572953,0,0.990248,2.20103
2.839573621,0,0.994528,2.11891
2.841573023,0,0.998641,2.03663
2.843572734,0,1.00259,1.95411
2.845573181,0,1.00638,1.87135
2.847573810,0,1.00999,1.7884
2.849572785,0,1.01345,1.70532
2.851574038,0,1.01673,1.62197
2.853572695,0,1.01985,1.53856
2.855573379,0,1.0228,1.45491
2.857572817,0,1.02559,1.37116
2.859573532,0,1.0282,1.28722
2.861572507,0,1.03065,1.20322
2.863573527,0,1.03293,1.11902
2.865572670,0,1.03504,1.03478
2.867573355,0,1.03699,0.950369
2.869572778,0,1.03876,0.865919
2.871573017,0,1.04036,0.781348
2.873572820,0,1.0418,0.696718
2.875573378,0,1.04307,0.611987
2.877572648,0,1.04416,0.52725
2.879572798,0,1.04509,0.442424
2.881572622,0,1.04585,0.357568
2.883558524,0,1.04643,0.273268
2.885572506,0,1.04685,0.187749
2.887573294,0,1.0471,0.102772
2.889572628,0,1.04718,0.017846
2.891573963,0,1.04709,-0.0671663
2.893572743,0,1.04683,-0.152064
2.895572961,0,1.0464,-0.237007
2.897572057,0,1.04579,-0.321879
2.899573282,0,1.04502,-0.406811
2.901572228,0,1.04408,-0.491605
2.903576422,0,1.04297,-0.576574
2.905572379,0,1.04169,-0.661136
2.907578069,0,1.04024,-0.746045
2.909572150,0,1.03862,-0.830389
2.911578629,0,1.03683,-0.915174
2.913572128,0,1.03488,-0.99932
2.915572849,0,1.03275,-1.08367
2.917571963,0,1.03046,-1.16785
2.919572129,0,1.028,-1.25195
2.921572280,0,1.02537,-1.33592
2.923572550,0,1.02257,-1.41976
2.925572026,0,1.01961,-1.50343
2.927572569,0,1.01647,-1.58698
2.929573323,0,1.01317,-1.67038
2.931572078,0,1.00971,-1.75352
2.933571984,0,1.00608,-1.83653
2.935572009,0,1.00228,-1.91935
2.937571956,0,0.998319,-2.00197
2.939569902,0,0.994196,-2.08429
2.941571515,0,0.989901,-2.16654
2.943571886,0,0.985444,-2.2485
2.945571857,0,0.980824,-2.33021
2.947572145,0,0.976041,-2.41167
2.949571832,0,0.971097,-2.49284
2.951557780,0,0.966026,-2.57319
2.953571644,0,0.960722,-2.65437
2.955571604,0,0.955292,-2.7347
2.957571739,0,0.949703,-2.81472
2.959572615,0,0.943951,-2.89445
2.961571676,0,0.938046,-2.97378
2.963572304,0,0.931978,-3.05283
2.965571753,0,0.925756,-3.13147
2.967572400,0,0.919373,-3.20979
2.969571663,0,0.912839,-3.28768
2.971565057,0,0.90617,-3.36494
2.973571589,0,0.899302,-3.44231
2.975571692,0,0.892302,-3.51901
2.977571561,0,0.88515,-3.59527
2.979571782,0,0.877844,-3.67109
2.981571391,0,0.870391,-3.74644
2.983572364,0,0.862782,-3.82136
2.985571400,0,0.855031,-3.89572
2.987572094,0,0.847126,-3.96964
2.989571312,0,0.83908,-4.043
2.991571414,0,0.830884,-4.11586
2.993571336,0,0.822544,-4.18817
2.995571480,0,0.814059,-4.25993
2.997571401,0,0.805433,-4.33111
2.999572115,0,0.796662,-4.40173
